-- phpMyAdmin SQL Dump
-- version 4.6.3deb1~trusty.1
-- https://www.phpmyadmin.net/
--
-- Host: localhost
-- Generation Time: Aug 18, 2016 at 01:48 AM
-- Server version: 5.5.49-0ubuntu0.14.04.1
-- PHP Version: 7.0.6-1+donate.sury.org~trusty+1

SET SQL_MODE = "NO_AUTO_VALUE_ON_ZERO";
SET time_zone = "+00:00";


/*!40101 SET @OLD_CHARACTER_SET_CLIENT=@@CHARACTER_SET_CLIENT */;
/*!40101 SET @OLD_CHARACTER_SET_RESULTS=@@CHARACTER_SET_RESULTS */;
/*!40101 SET @OLD_COLLATION_CONNECTION=@@COLLATION_CONNECTION */;
/*!40101 SET NAMES utf8mb4 */;

--
-- Database: `tktpass`
--

-- --------------------------------------------------------

--
-- Table structure for table `bookings`
--

CREATE TABLE `bookings` (
  `id` int(11) UNSIGNED NOT NULL,
  `user_id` int(11) NOT NULL,
  `event_id` int(11) NOT NULL,
  `quantity` int(10) UNSIGNED NOT NULL,
  `transport` tinyint(1) NOT NULL,
  `mobile` tinytext NOT NULL,
  `bookingTime` int(10) UNSIGNED NOT NULL,
  `status` tinyint(4) NOT NULL DEFAULT '0',
  `comment` text NOT NULL
) ENGINE=InnoDB DEFAULT CHARSET=latin1;

--
-- Dumping data for table `bookings`
--

INSERT INTO `bookings` (`id`, `user_id`, `event_id`, `quantity`, `transport`, `mobile`, `bookingTime`, `status`, `comment`) VALUES
(1, 12, 4, 2, 0, '07523069672', 1453145207, 1, ''),
(2, 13, 4, 1, 0, '07999274265', 1453147128, 1, ''),
(3, 14, 4, 1, 0, '07443773155', 1453192378, 1, ''),
(4, 15, 4, 2, 0, '07853328173', 1453232755, 1, ''),
(5, 16, 3, 1, 0, '07772948450', 1453235917, 0, ''),
(6, 15, 4, 2, 0, '07853328173', 1453237143, 1, ''),
(8, 17, 4, 15, 0, '07533212333', 1453237544, 1, ''),
(9, 18, 4, 5, 0, '07490401395', 1453241215, 1, ''),
(10, 20, 4, 1, 0, '07549556075', 1453244103, 1, ''),
(11, 21, 4, 1, 0, '07933763821', 1453244248, 1, ''),
(12, 22, 3, 3, 0, '07516174441', 1453286454, 0, ''),
(13, 24, 4, 1, 0, '07341620790', 1453318876, 1, ''),
(14, 25, 3, 2, 0, '+3345175636', 1453319090, 0, ''),
(15, 25, 4, 2, 0, '+3345175636', 1453319237, 1, ''),
(16, 16, 4, 1, 0, '07772948450', 1453323591, 1, ''),
(17, 26, 4, 2, 0, '07903479128', 1453328158, 0, ''),
(18, 27, 3, 1, 0, '0743429897', 1453331432, 0, ''),
(19, 28, 4, 1, 0, '07731549272', 1453331692, 0, ''),
(20, 29, 4, 1, 0, '07872039498', 1453332277, 1, ''),
(21, 28, 4, 1, 0, '07731549272', 1453332673, 1, ''),
(22, 30, 4, 1, 0, '07835053302', 1453332740, 1, ''),
(23, 31, 4, 3, 0, '447546282688', 1453332999, 1, ''),
(24, 29, 4, 3, 0, '07872039498', 1453333448, 1, ''),
(25, 33, 3, 1, 0, '+447852726975', 1453367152, 1, ''),
(26, 34, 4, 1, 0, '07477442644', 1453368529, 0, ''),
(27, 35, 4, 1, 0, '07788209774', 1453370838, 0, ''),
(28, 37, 4, 1, 0, '07341517669', 1453372083, 1, ''),
(29, 36, 4, 1, 0, '07528238398', 1453373041, 0, ''),
(30, 37, 4, 1, 0, '07341517669', 1453373327, 1, ''),
(31, 32, 4, 1, 0, '07599495076', 1453375387, 0, ''),
(32, 31, 4, 1, 0, '447546282688', 1453376118, 0, ''),
(33, 39, 4, 1, 0, '0032479127904', 1453378602, 0, ''),
(34, 0, 4, 1, 0, '07404047499', 1453379918, 0, ''),
(35, 40, 3, 2, 0, '07827668531', 1453385194, 0, ''),
(36, 0, 4, 1, 0, '07511751566', 1453385848, 0, ''),
(37, 0, 4, 1, 0, '07511751566', 1453385866, 0, ''),
(38, 0, 4, 1, 0, '07511751566', 1453386326, 0, ''),
(39, 41, 4, 1, 0, '07427979153', 1453387251, 0, ''),
(40, 41, 4, 1, 0, '07427979153', 1453388690, 0, ''),
(41, 43, 3, 4, 0, '07738716881', 1453402704, 1, ''),
(42, 0, 3, 1, 0, '07811702171', 1453413552, 0, ''),
(43, 45, 4, 1, 0, '07731543406', 1453415447, 1, ''),
(44, 45, 4, 1, 0, '07731543406', 1453415448, 0, ''),
(45, 45, 4, 1, 0, '07731543406', 1453415448, 0, ''),
(46, 45, 4, 1, 0, '07731543406', 1453415448, 0, ''),
(47, 46, 4, 11, 0, '07930394461', 1453419830, 0, ''),
(48, 47, 4, 1, 0, '07713267578', 1453435561, 0, ''),
(49, 51, 4, 4, 0, '07979595487', 1453469904, 0, ''),
(50, 52, 4, 1, 0, '07761888300', 1453477995, 0, ''),
(51, 53, 4, 1, 0, '07496884707', 1453485498, 0, ''),
(52, 0, 4, 2, 0, '07830241560', 1453486228, 0, ''),
(53, 32, 7, 2, 0, '07599495076', 1453725541, 1, ''),
(54, 55, 7, 4, 0, '07492336559', 1453729252, 1, ''),
(55, 48, 7, 1, 0, '07785992876', 1453816697, 1, 'Collecting at 4'),
(58, 58, 7, 4, 0, '07758721526', 1453909005, 1, ''),
(59, 59, 7, 2, 0, '+34667026498', 1453909789, 1, ''),
(60, 17, 7, 28, 0, '07533212333', 1453913174, 1, 'Collecting at 4'),
(61, 18, 7, 5, 0, '07490401395', 1453920416, 1, 'Collecting at 4, wanted 1 more :('),
(62, 60, 7, 2, 0, '07793080029', 1453924987, 1, 'Collecting at 4'),
(63, 17, 7, 6, 0, '07533212333', 1453933531, 1, ''),
(64, 61, 5, 1, 0, '07902427951', 1453934336, 1, ''),
(65, 62, 7, 4, 0, '07541489971', 1453936966, 1, '1 Available'),
(66, 63, 7, 2, 0, '07401921887', 1453939704, 1, 'Collecting at 4 (Tamina)'),
(67, 28, 5, 2, 0, '07341620829', 1453941771, 1, ''),
(68, 28, 5, 2, 0, '07341620829', 1453942088, 0, ''),
(69, 0, 5, 1, 0, '07404047499', 1453984457, 0, ''),
(70, 64, 7, 1, 0, '07969073241', 1453988166, 1, 'Collecting at 4'),
(71, 64, 7, 1, 0, '07969073241', 1453990719, 1, ''),
(72, 65, 7, 1, 0, '07950974212', 1453997108, 1, 'Collecting at 4, wanted transport (maybe booked it?)'),
(73, 66, 7, 1, 0, '07979191670', 1453999440, 1, 'Collecting at 4'),
(74, 67, 7, 1, 0, '07341637614', 1454001533, 0, 'Collecting at 4:50'),
(75, 67, 7, 1, 0, '07341637614', 1454001537, 0, 'BOOKING MISTAKE'),
(76, 68, 7, 2, 0, '07860151202', 1454002007, 1, ''),
(77, 69, 5, 3, 0, '07833150660', 1454004897, 0, ''),
(78, 69, 5, 3, 0, '07833150660', 1454004899, 0, ''),
(79, 70, 7, 1, 0, '07508150777', 1454006095, 0, 'WAITING LIST'),
(80, 0, 7, 2, 0, '07519215848', 1454008137, 0, ''),
(82, 71, 7, 2, 0, '07519215848', 1454016428, 1, 'WAITING LIST'),
(83, 72, 7, 2, 0, '07546898008', 1454023761, 0, 'WAITING LIST'),
(84, 76, 7, 2, 0, '07519215848', 1454072874, 0, 'WAITING LIST'),
(85, 78, 7, 1, 0, '07497371697', 1454076436, 0, 'WAITING LIST'),
(86, 79, 7, 2, 0, '07437373419', 1454076948, 0, 'WAITING LIST'),
(88, 80, 7, 1, 0, '07402430939', 1454079115, 0, 'WAITING LIST'),
(89, 39, 7, 1, 0, '07519470377', 1454082491, 0, ''),
(90, 81, 7, 1, 0, '07500956485', 1454087392, 0, ''),
(91, 82, 6, 11, 0, '07702254824', 1454096852, 0, ''),
(92, 83, 7, 1, 0, '07508839854', 1454100448, 0, ''),
(93, 85, 10, 1, 0, '07706737030', 1454330858, 1, ''),
(94, 86, 8, 2, 0, '+447852734127', 1454331488, 0, 'Cancelled'),
(95, 87, 10, 1, 0, '07575582282', 1454334083, 1, ''),
(96, 89, 10, 1, 0, '07533389933', 1454334455, 1, ''),
(97, 88, 10, 1, 0, '07544923382', 1454334914, 1, ''),
(98, 15, 10, 2, 0, '07853328173', 1454345124, 1, ''),
(99, 90, 10, 2, 0, '07493080412', 1454346310, 1, ''),
(100, 91, 10, 1, 0, '07980000302', 1454350967, 0, 'AVAILABLE'),
(101, 92, 10, 1, 0, '07401837807', 1454352855, 1, ''),
(102, 93, 10, 1, 0, '07975505822', 1454400867, 1, ''),
(103, 32, 10, 2, 0, '07599495076', 1454408145, 1, ''),
(104, 94, 10, 1, 0, '7821948407', 1454419308, 1, ''),
(105, 96, 9, 2, 0, '+393333316632', 1454424317, 0, 'Booking Mistake'),
(106, 96, 10, 2, 0, '+393333316632', 1454424401, 1, ''),
(107, 81, 10, 1, 0, '07500956485', 1454428417, 0, 'AVAILABLE'),
(108, 0, 10, 1, 1, '07599463777', 1454430052, 0, ''),
(109, 97, 10, 1, 0, '07999265151', 1454430767, 1, ''),
(110, 98, 10, 1, 0, '07707019905', 1454431302, 1, ''),
(111, 99, 10, 2, 0, '07922645553', 1454435071, 1, ''),
(112, 95, 10, 1, 0, '07922054333', 1454436407, 1, ''),
(113, 100, 10, 2, 0, '07435694063', 1454437577, 0, 'AVAILABLE'),
(114, 101, 10, 1, 0, '07478668440', 1454440986, 1, ''),
(115, 102, 9, 1, 0, '07780296692', 1454442780, 0, 'Booking Mistake'),
(116, 102, 10, 1, 0, '07780296692', 1454444364, 1, ''),
(117, 103, 10, 1, 0, '07445337647', 1454444365, 1, ''),
(118, 105, 10, 1, 1, '07885594027', 1454453869, 0, 'Collecting Friday'),
(119, 106, 10, 2, 0, '07979144710', 1454460435, 1, ''),
(120, 107, 10, 5, 0, '07930206883', 1454502845, 0, 'WAITING LIST'),
(121, 31, 10, 2, 0, '+447546282688', 1454503072, 1, ''),
(122, 17, 10, 3, 0, '07533212333', 1454508462, 1, ''),
(123, 108, 9, 1, 0, '07984654079', 1454508464, 1, ''),
(124, 47, 9, 1, 0, '07713267578', 1454508541, 1, ''),
(125, 109, 9, 1, 0, '07852981903', 1454508620, 0, 'Cancel'),
(126, 110, 9, 1, 0, '07795152193', 1454516156, 0, 'Not replying'),
(127, 18, 10, 3, 0, '07490401395', 1454527165, 0, '1 @4:30'),
(128, 84, 10, 1, 0, '07459422017', 1454544329, 0, 'WAITING LIST'),
(129, 63, 10, 1, 0, '07401921887', 1454578633, 0, 'WAITING LIST'),
(130, 33, 10, 4, 1, '07852726975', 1454581465, 1, ''),
(131, 113, 10, 1, 0, '07478664526', 1454586124, 1, ''),
(132, 114, 10, 1, 1, '07401842422', 1454589789, 1, ''),
(133, 115, 9, 1, 0, '07341018966', 1454591663, 0, ''),
(134, 116, 9, 2, 0, '07490401384', 1454591873, 0, 'WAITING LIST'),
(135, 119, 9, 2, 0, '07773174127', 1454603192, 0, 'WAITING LIST'),
(136, 122, 10, 2, 0, '07761888302', 1454622532, 0, 'WAITING LIST'),
(137, 123, 10, 2, 0, '07707906526', 1454623629, 0, ''),
(138, 124, 10, 2, 0, '07587184301', 1454627788, 0, 'WAITING LIST'),
(139, 125, 10, 4, 0, '07493246883', 1454629049, 0, 'WAITING LIST'),
(140, 130, 10, 1, 1, '077711163447', 1454677157, 0, 'WAITING LIST'),
(141, 126, 10, 1, 0, '07519290641', 1454678295, 0, 'WAITING LIST'),
(142, 132, 10, 1, 0, '07729001764', 1454679134, 0, 'WAITING LIST'),
(143, 133, 10, 3, 0, '07939236657', 1454687322, 0, 'WAITING LIST'),
(144, 134, 10, 2, 0, '07817923016', 1454689244, 0, 'WAITING LIST'),
(145, 73, 10, 2, 0, '07402018257', 1454689975, 0, 'WAITING LIST'),
(146, 135, 10, 1, 0, '07914396801', 1454693127, 0, ''),
(147, 135, 10, 1, 1, '07914396801', 1454693224, 0, ''),
(148, 137, 10, 1, 0, '07490481679', 1454707141, 0, ''),
(149, 136, 10, 1, 0, '07402435982', 1454707153, 0, ''),
(150, 138, 15, 2, 0, '07544923382', 1454926871, 0, 'Cancelled'),
(151, 140, 15, 2, 0, '07878270741', 1454934914, 1, ''),
(152, 145, 15, 1, 0, '07786404649', 1454963999, 1, ''),
(153, 146, 15, 1, 0, '07827966998', 1454964242, 1, ''),
(154, 143, 15, 1, 0, '07735221380', 1454964465, 1, ''),
(155, 147, 15, 1, 0, '07592888601', 1454965048, 1, ''),
(156, 148, 15, 1, 0, '07860649093', 1454965183, 1, ''),
(157, 144, 15, 1, 0, '07788151059', 1454965554, 0, 'Cancelled'),
(158, 149, 15, 1, 0, '07851496312', 1454965949, 1, ''),
(159, 150, 15, 1, 0, '07814556838', 1454967238, 1, ''),
(160, 148, 13, 1, 1, '07860649093', 1454967610, 0, ''),
(161, 151, 15, 3, 0, '07881533143', 1454967719, 1, ''),
(162, 32, 15, 4, 0, '07599495076', 1454973094, 1, ''),
(163, 152, 15, 2, 0, '07796718465', 1454973751, 1, ''),
(164, 81, 15, 4, 0, '07500956485', 1454979503, 1, ''),
(165, 153, 15, 1, 0, '07580075599', 1455008362, 1, ''),
(166, 154, 16, 1, 0, '07531477674', 1455015010, 1, ''),
(167, 155, 15, 1, 0, '07531129247', 1455016277, 1, ''),
(168, 156, 15, 1, 0, '07435453214', 1455025973, 1, ''),
(169, 154, 16, 1, 0, '07531477674', 1455032101, 1, ''),
(170, 159, 11, 2, 0, '07972736595', 1455049786, 0, 'Booking Mistake'),
(171, 159, 15, 2, 0, '07972736595', 1455052314, 1, ''),
(172, 161, 15, 11, 0, '07521298376', 1455102544, 1, ''),
(173, 17, 15, 22, 0, '0753321233', 1455111734, 1, ''),
(174, 162, 15, 2, 0, '07402319330', 1455113086, 1, ''),
(175, 163, 15, 1, 0, '07756358192', 1455114238, 1, ''),
(176, 106, 15, 2, 0, '07979144710', 1455142368, 1, ''),
(177, 166, 15, 1, 0, '07851575892', 1455160053, 1, ''),
(178, 160, 15, 4, 0, '07826695942', 1455190932, 1, ''),
(179, 126, 15, 1, 0, '07519290641', 1455208258, 1, ''),
(180, 171, 15, 1, 0, '07400633475', 1455208790, 1, ''),
(181, 172, 15, 1, 0, '07941323103', 1455209201, 1, ''),
(182, 173, 15, 1, 0, '07545666343', 1455214764, 0, 'Cancelled'),
(183, 173, 15, 1, 0, '07545666343', 1455214826, 0, 'Cancelled'),
(184, 175, 15, 1, 0, '07901554948', 1455215106, 1, ''),
(185, 176, 15, 1, 0, '07733249707', 1455215722, 1, ''),
(186, 174, 15, 1, 0, '07538610627', 1455218447, 1, ''),
(187, 174, 15, 1, 0, '07538610627', 1455219061, 1, ''),
(188, 100, 15, 2, 0, '07435694063', 1455222962, 1, ''),
(189, 180, 15, 1, 0, '07450801832', 1455277280, 1, ''),
(190, 182, 15, 1, 0, '07765413641', 1455277802, 1, ''),
(191, 179, 15, 3, 0, '07492429429', 1455282493, 1, ''),
(192, 184, 15, 3, 0, '07956848978', 1455289557, 1, ''),
(193, 185, 14, 2, 0, '+447746707452', 1455290356, 0, 'Cancelled'),
(194, 186, 15, 3, 0, '0779516487', 1455292214, 0, 'Cancelled'),
(195, 186, 15, 3, 0, '07795165487', 1455292733, 0, 'Cancelled'),
(196, 189, 15, 2, 0, '07746707452', 1455295484, 1, ''),
(197, 188, 15, 3, 0, '07518281056', 1455295887, 1, ''),
(198, 193, 15, 1, 0, '07476942044', 1455297939, 1, ''),
(199, 191, 15, 2, 0, '07930694616', 1455299100, 1, ''),
(200, 195, 15, 2, 0, '07479232433', 1455300673, 1, ''),
(201, 189, 15, 1, 0, '07746795492', 1455309208, 1, ''),
(202, 199, 17, 1, 0, '07775333185', 1455409941, 1, ''),
(203, 197, 17, 6, 0, '07454002985', 1455455066, 1, ''),
(204, 200, 17, 1, 0, '07934538357', 1455466795, 0, 'Cancelled'),
(205, 202, 17, 1, 0, '07825703579', 1455479120, 1, ''),
(206, 203, 17, 1, 0, '07462400777', 1455535559, 1, ''),
(207, 202, 17, 1, 0, '07825703579', 1455547331, 0, 'Cancelled'),
(208, 204, 18, 5, 0, '00447463735823', 1455555961, 0, 'Cancelled'),
(209, 206, 20, 1, 1, '07462551840', 1455568081, 0, 'Not answering'),
(210, 90, 20, 1, 0, '07493080412', 1455621705, 1, ''),
(211, 18, 18, 8, 0, '07490401395', 1455652229, 0, 'Change to 7'),
(212, 55, 20, 2, 0, '07492336559', 1455713938, 0, 'Cancelled'),
(213, 32, 20, 4, 0, '07599495076', 1455725527, 1, ''),
(214, 32, 20, 1, 0, '07599495076', 1455726825, 1, ''),
(215, 209, 20, 2, 0, '07724572816', 1455733100, 1, 'Change to 5'),
(216, 208, 20, 2, 0, '+33679039520', 1455791369, 1, 'Change to 3 Collecting at library'),
(217, 62, 20, 5, 0, '+447541489971', 1455799068, 1, 'Change to 1'),
(218, 210, 18, 3, 0, '07557679415', 1455829165, 0, ''),
(219, 212, 18, 3, 0, '07975973146', 1455831072, 0, ''),
(220, 17, 20, 5, 0, '07533212333', 1455834366, 0, '7:30'),
(221, 215, 19, 2, 0, '07478644067', 1455883306, 0, ''),
(222, 215, 20, 2, 0, '07478644067', 1455883388, 0, 'Cancelled'),
(223, 48, 20, 1, 0, '07785992876', 1455896437, 1, ''),
(224, 190, 20, 2, 0, '07479087603', 1455900289, 1, ''),
(225, 218, 20, 2, 0, '07889560037', 1455900434, 0, 'Not answering'),
(226, 219, 20, 2, 0, '+447544908016', 1455901895, 1, ''),
(227, 216, 20, 4, 0, '07577336589', 1455904808, 1, ''),
(228, 223, 21, 2, 0, '07411181296', 1456088710, 0, 'No answer'),
(229, 224, 21, 1, 0, '07522808660', 1456093036, 1, ''),
(230, 225, 21, 1, 0, '07779556006', 1456093698, 1, ''),
(231, 226, 21, 3, 0, '07851046512', 1456093855, 0, 'Cancelled'),
(232, 227, 21, 1, 0, '07541117783', 1456098026, 1, ''),
(233, 150, 24, 1, 0, '07814556838', 1456141650, 1, ''),
(234, 225, 21, 1, 0, '07779556006', 1456141756, 1, ''),
(235, 228, 21, 1, 0, '07825350766', 1456152741, 1, ''),
(236, 229, 25, 1, 0, '07904316048', 1456160532, 1, ''),
(237, 232, 25, 1, 1, '07920865458', 1456160778, 1, ''),
(238, 233, 25, 1, 1, '07960891313', 1456160793, 1, ''),
(239, 234, 25, 1, 0, '07590361796', 1456160813, 1, ''),
(240, 237, 25, 1, 0, '07450225836', 1456163335, 1, ''),
(241, 240, 25, 2, 1, '07522952884', 1456168289, 0, ''),
(242, 232, 21, 1, 1, '07920865458', 1456168657, 1, ''),
(244, 238, 25, 1, 0, '07425141041', 1456171333, 1, ''),
(245, 245, 25, 1, 0, '07780517939', 1456171930, 1, ''),
(246, 147, 24, 5, 0, '07592888601', 1456173411, 1, ''),
(247, 239, 25, 5, 0, '07557966364', 1456178079, 1, ''),
(248, 122, 24, 8, 0, '+7761888302', 1456191479, 1, ''),
(250, 254, 24, 2, 0, '07521222131', 1456263783, 1, ''),
(251, 255, 25, 1, 0, '07535996603', 1456264286, 1, ''),
(252, 243, 25, 4, 1, '07983595095', 1456265595, 1, ''),
(253, 175, 25, 3, 0, '07901554948', 1456266679, 1, ''),
(254, 159, 25, 1, 0, '07972736595', 1456312464, 1, ''),
(255, 234, 25, 2, 0, '07590361796', 1456313162, 1, ''),
(257, 257, 25, 3, 0, '07799872410', 1456317858, 1, ''),
(258, 258, 24, 2, 0, '07804679639', 1456319583, 1, ''),
(259, 153, 24, 1, 0, '07580075599', 1456321946, 1, ''),
(260, 209, 24, 7, 0, '07724572816', 1456324157, 1, ''),
(261, 253, 24, 1, 0, '07886548071', 1456333336, 0, ''),
(262, 244, 25, 4, 0, '07507206572', 1456333618, 1, ''),
(263, 253, 24, 1, 0, '07538188748', 1456349907, 0, 'No answer'),
(264, 253, 24, 4, 0, '07886548071', 1456350327, 0, ''),
(269, 263, 22, 1, 0, '07766818940', 1456359314, 0, 'No Answer'),
(270, 17, 24, 15, 0, '07533212333', 1456360459, 1, ''),
(272, 268, 25, 1, 0, '+393334201483', 1456402598, 1, ''),
(274, 269, 25, 1, 0, '07539393163', 1456404961, 1, ''),
(276, 270, 25, 1, 0, '07724667123', 1456413252, 1, ''),
(277, 271, 25, 2, 0, '07506516201', 1456419098, 1, ''),
(278, 272, 24, 1, 0, '079057949500', 1456421353, 1, ''),
(279, 17, 24, 1, 0, '07533212333', 1456429124, 1, ''),
(280, 100, 24, 1, 0, '07435694063', 1456429266, 1, ''),
(281, 275, 23, 1, 1, '07710778323', 1456479349, 1, ''),
(282, 276, 23, 1, 1, '07544090535', 1456484059, 0, 'No answer'),
(283, 277, 25, 1, 0, '07941788025', 1456484827, 1, ''),
(284, 278, 24, 5, 0, '07435436308', 1456485358, 1, ''),
(286, 279, 25, 1, 0, '07402022463', 1456492094, 1, ''),
(288, 193, 24, 1, 0, '07476942044', 1456502711, 1, ''),
(289, 282, 25, 1, 0, '07856027943', 1456507070, 1, ''),
(290, 219, 24, 5, 0, '+447552144345', 1456508337, 1, ''),
(291, 280, 25, 2, 0, '07757359797', 1456508787, 1, ''),
(292, 280, 25, 1, 0, '07757359797', 1456512857, 1, ''),
(293, 209, 24, 1, 0, '07724572816', 1456514665, 1, ''),
(294, 252, 25, 1, 0, '07462219441', 1456517281, 0, ''),
(295, 287, 24, 1, 0, '07454247744', 1456518082, 1, ''),
(296, 288, 25, 1, 0, '07534951223', 1456518350, 0, ''),
(298, 286, 24, 3, 0, '07493094046', 1456519493, 1, ''),
(299, 289, 24, 2, 0, '07922036512', 1456522394, 0, ''),
(300, 292, 24, 1, 0, '0795437320', 1456527602, 0, ''),
(301, 226, 27, 4, 0, '07851046512', 1456751140, 0, ''),
(302, 224, 29, 6, 0, '07522808660', 1456753196, 1, ''),
(303, 293, 29, 4, 0, '07921269286', 1456775371, 1, ''),
(304, 91, 30, 2, 0, '07980000302', 1456858826, 1, '**Offline sales: 14\n1 Bus'),
(305, 296, 26, 1, 0, '07805558914', 1456864944, 0, ''),
(306, 302, 26, 1, 0, '07512312140', 1456878561, 0, ''),
(307, 305, 26, 1, 0, '447706777663', 1456923734, 0, ''),
(308, 298, 26, 2, 0, '+447837066650', 1456927957, 0, ''),
(309, 307, 26, 1, 0, '07494039576', 1456931687, 0, ''),
(310, 165, 26, 1, 0, '07435693946', 1456938580, 0, ''),
(311, 304, 26, 1, 0, '07459800497', 1456938874, 0, ''),
(312, 306, 26, 1, 0, '48601300607', 1456942147, 0, ''),
(313, 253, 30, 5, 0, '07886548071', 1456943691, 1, ''),
(314, 253, 30, 3, 0, '07886548071', 1456948926, 1, ''),
(315, 56, 30, 1, 0, '07787435157', 1457016163, 1, ''),
(316, 26, 30, 3, 0, '07903479128', 1457016880, 1, ''),
(317, 311, 30, 3, 0, '07402428986', 1457033223, 1, ''),
(318, 51, 28, 2, 0, '07979595487', 1457033745, 0, ''),
(319, 106, 30, 2, 0, '07979144710', 1457044596, 1, '"Rahoul" is collecting'),
(320, 317, 30, 1, 0, '07512322347', 1457049551, 1, 'Change to 4'),
(321, 317, 29, 3, 0, '07512322347', 1457049987, 0, 'Booking Mistake (delete)'),
(322, 318, 30, 1, 0, '07909203921', 1457082880, 1, 'Change to 3 (two will be paid with cash) '),
(323, 227, 29, 1, 0, '07541117783', 1457089470, 1, ''),
(324, 320, 30, 1, 0, '07960042816', 1457092434, 1, ''),
(325, 323, 30, 1, 0, '+33695432278', 1457098124, 1, ''),
(326, 278, 30, 2, 0, '07435436308', 1457100793, 1, ''),
(327, 327, 30, 1, 0, '07518207072', 1457102654, 1, ''),
(328, 317, 30, 2, 0, '07478198908', 1457103188, 1, ''),
(329, 328, 30, 2, 0, '07402432839', 1457103598, 1, ''),
(330, 66, 30, 2, 0, '07979191670', 1457104952, 1, ''),
(331, 329, 30, 1, 0, '0033626033413', 1457107159, 1, ''),
(332, 330, 30, 1, 0, '07827445652', 1457107682, 1, ''),
(333, 332, 30, 1, 0, '+447767958836', 1457108391, 1, ''),
(334, 90, 30, 6, 0, '07432134291', 1457110596, 1, 'Change to 5'),
(335, 333, 30, 1, 0, '+33781914018', 1457111988, 1, ''),
(336, 335, 30, 3, 0, '07961078669', 1457113073, 1, ''),
(337, 337, 29, 2, 0, '+4917620410496', 1457116537, 0, 'Booking mistake: Neon'),
(338, 334, 30, 2, 0, '0640284503', 1457116678, 1, ''),
(339, 240, 32, 2, 1, '07522952884', 1457380911, 1, ''),
(340, 66, 32, 1, 0, '07979191670', 1457381971, 1, ''),
(341, 48, 35, 2, 0, '07785992876', 1457392955, 0, 'Resold -refunded (delete)'),
(342, 149, 35, 1, 1, '07851496312', 1457451301, 0, 'Resold -refunded (delete)'),
(343, 153, 35, 1, 0, '07580075599', 1457455449, 1, '**Offline Sales: 15'),
(344, 346, 35, 1, 0, '07917155223', 1457457035, 1, ''),
(345, 150, 35, 1, 0, '07814556838', 1457458009, 1, ''),
(346, 147, 35, 1, 0, '07592888601', 1457460666, 1, ''),
(347, 347, 35, 1, 0, '07740396148', 1457462160, 1, ''),
(348, 51, 32, 1, 0, '07921712737', 1457471360, 1, ''),
(349, 175, 35, 1, 0, '07901554948', 1457536004, 1, ''),
(350, 172, 35, 1, 0, '07941323103', 1457536185, 1, ''),
(351, 149, 35, 1, 0, '07851496312', 1457538946, 1, ''),
(352, 2, 35, 1, 0, '07766672455', 1457546557, 0, 'Testing (delete)'),
(353, 32, 35, 4, 0, '07599495076', 1457553712, 1, ''),
(354, 32, 35, 1, 0, '07599495076', 1457556418, 1, ''),
(355, 34, 33, 1, 0, '07477442644', 1457585743, 0, '**Other Offline Sales: 3'),
(356, 350, 35, 2, 0, '07518240770', 1457610402, 1, ''),
(357, 351, 35, 1, 0, '+40742214430', 1457630220, 1, ''),
(358, 147, 32, 1, 0, '07592888601', 1457632161, 1, ''),
(359, 253, 35, 5, 0, '07886548071', 1457633899, 1, ''),
(360, 84, 35, 4, 0, '07459422017', 1457648383, 1, ''),
(361, 349, 35, 1, 0, '07923904868', 1457696019, 0, ''),
(362, 145, 35, 2, 0, '07786404649', 1457700170, 1, ''),
(363, 216, 35, 7, 0, '07577336589', 1457700194, 1, ''),
(364, 313, 35, 1, 0, '07544915682', 1457707740, 0, 'Cancelled: Delete'),
(365, 354, 35, 3, 0, '3930293434', 1457708000, 0, 'Cancelled: Delete'),
(366, 361, 32, 1, 0, '07494199777', 1457737774, 0, 'Sold out - Refunded'),
(367, 48, 32, 1, 0, '07785992876', 1457898065, 0, 'Sold out - Refunded '),
(368, 79, 36, 2, 0, '07437373419', 1457958628, 1, ''),
(369, 79, 36, 1, 0, '07437373419', 1457961564, 1, ''),
(370, 370, 32, 2, 0, '07919668822', 1457963936, 0, 'Sold out - Refunded '),
(373, 276, 38, 1, 0, '07544090535', 1458000419, 1, ''),
(374, 13, 38, 1, 0, '07999274265', 1458002029, 1, ''),
(375, 13, 36, 1, 0, '07999274265', 1458002124, 0, 'Resold - Refunded '),
(376, 372, 36, 1, 0, '07922804570', 1458025433, 1, ''),
(377, 375, 36, 2, 0, '07983875101', 1458040987, 1, ''),
(378, 376, 37, 1, 0, '07480248896', 1458047766, 1, ''),
(379, 377, 37, 1, 0, '07463469924', 1458048084, 1, ''),
(380, 378, 37, 1, 0, '07459005308', 1458048784, 1, ''),
(381, 379, 37, 1, 0, '07790180797', 1458048910, 1, ''),
(382, 380, 37, 2, 0, '07939013862', 1458048990, 1, ''),
(383, 381, 37, 1, 0, '07879985808', 1458049006, 1, ''),
(384, 382, 37, 1, 0, '07547785073', 1458049126, 1, ''),
(385, 383, 37, 1, 0, '07849220686', 1458058892, 1, ''),
(386, 359, 38, 1, 0, '07545939659', 1458068139, 0, 'Sold out - Refunded '),
(387, 19, 36, 2, 0, '07508383321', 1458068757, 0, ''),
(388, 308, 38, 4, 0, '07568530359', 1458074853, 0, 'Sold out - Refunded '),
(389, 388, 36, 1, 0, '07455905543', 1458075586, 1, ''),
(390, 371, 36, 1, 0, '07851853536', 1458127861, 0, 'Refunded'),
(391, 389, 37, 1, 0, '07482123562', 1458129405, 1, ''),
(392, 392, 37, 1, 0, '07712406995', 1458131956, 1, ''),
(393, 114, 36, 1, 0, '07401918717', 1458155805, 1, ''),
(394, 397, 37, 1, 0, '07472229578', 1458158956, 1, ''),
(395, 52, 36, 2, 0, '07761888300', 1458163603, 1, ''),
(396, 19, 36, 1, 0, '07508383321', 1458182717, 0, ''),
(397, 400, 37, 1, 0, '07551769368', 1458210027, 1, ''),
(398, 401, 36, 1, 0, '07803573197', 1458225455, 1, ''),
(399, 402, 36, 1, 0, '07776230430', 1458226184, 1, ''),
(400, 404, 36, 2, 0, '07494144848', 1458229829, 1, ''),
(401, 46, 36, 1, 0, '07930394461', 1458238121, 1, ''),
(402, 46, 36, 5, 0, '07930394461', 1458244533, 1, ''),
(403, 408, 36, 1, 0, '07502229389', 1458246411, 1, ''),
(404, 409, 36, 2, 0, '07585112013', 1458257249, 0, 'Refunded'),
(405, 84, 36, 1, 0, '07459422017', 1458272223, 1, ''),
(406, 399, 36, 1, 0, '07923270914', 1458307178, 0, 'Refunded'),
(407, 3, 40, 1, 0, '07476761268', 1458499338, 1, 'Offline +1'),
(408, 84, 40, 1, 0, '07459422017', 1460350554, 1, ''),
(409, 81, 40, 1, 0, '07500956485', 1461154252, 0, ''),
(410, 421, 40, 1, 0, '07540890031', 1461354591, 0, 'Resold'),
(411, 422, 40, 1, 0, '07807103367', 1461403540, 1, ''),
(412, 423, 40, 1, 0, '07824165880', 1461502386, 1, ''),
(413, 15, 40, 6, 0, '07853328173', 1461514570, 1, ''),
(414, 153, 40, 1, 1, '07580075599', 1461585635, 0, 'Resold'),
(415, 236, 42, 1, 0, '07912180470', 1461588642, 0, 'Refunded and Charge 5.27'),
(416, 250, 42, 1, 0, '07807189688', 1461588794, 0, 'Paid 5\nMust charge them again'),
(417, 425, 42, 1, 0, '07885730498', 1461588835, 0, 'Paid 5\nMust charge them again'),
(418, 427, 42, 1, 0, '07525481996', 1461589048, 0, 'Paid 5\nMust charge them again'),
(419, 426, 42, 1, 0, '07941788025', 1461589229, 0, 'Refunded and Charge 5.27'),
(420, 282, 42, 1, 0, '07856027943', 1461589328, 0, ''),
(421, 428, 42, 1, 0, '07584067062', 1461589622, 0, ''),
(422, 429, 42, 1, 0, '07913425336', 1461589641, 0, ''),
(423, 430, 42, 1, 0, '07903280030', 1461590538, 0, ''),
(424, 432, 42, 1, 0, '07950789762', 1461590864, 0, ''),
(425, 433, 42, 1, 0, '07858504794', 1461590897, 0, ''),
(426, 424, 42, 2, 0, '07941838571', 1461591008, 0, ''),
(427, 434, 42, 2, 0, '07930600733', 1461591619, 0, ''),
(428, 435, 42, 2, 0, '07765164688', 1461592013, 0, ''),
(429, 437, 42, 2, 0, '07450996232', 1461592371, 0, ''),
(430, 438, 42, 1, 0, '07511157428', 1461592811, 0, ''),
(431, 439, 42, 1, 0, '7047738926', 1461593557, 0, ''),
(432, 441, 42, 1, 0, '+447599492865', 1461593624, 0, ''),
(433, 443, 42, 1, 0, '07864922284', 1461593672, 0, ''),
(434, 445, 42, 1, 0, '07847922377', 1461593787, 0, ''),
(435, 440, 42, 3, 0, '07490588585', 1461593827, 0, ''),
(436, 241, 42, 1, 0, '07730577148', 1461593853, 0, ''),
(437, 447, 42, 1, 0, '447470234043', 1461593892, 0, ''),
(438, 446, 42, 3, 0, '07850928406', 1461593922, 0, ''),
(439, 233, 42, 1, 0, '07960891313', 1461593996, 0, ''),
(440, 448, 42, 5, 0, '07557367308', 1461594001, 0, ''),
(441, 57, 42, 1, 0, '07581325655', 1461594248, 0, ''),
(442, 232, 42, 1, 0, '07920865458', 1461594489, 0, ''),
(443, 436, 42, 1, 0, '07749342082', 1461594532, 0, ''),
(444, 450, 42, 1, 0, '07825515911', 1461594605, 0, ''),
(445, 451, 42, 1, 0, '07919081636', 1461594861, 0, ''),
(446, 452, 42, 1, 0, '07796390490', 1461595119, 0, ''),
(447, 124, 42, 1, 0, '07587184301', 1461596365, 0, ''),
(448, 455, 42, 1, 0, '07748982728', 1461597024, 0, ''),
(449, 459, 42, 1, 0, '07515806915', 1461599320, 0, ''),
(450, 461, 42, 4, 0, '07740955933', 1461600738, 0, ''),
(451, 463, 42, 1, 0, '07738862165', 1461601034, 0, ''),
(452, 460, 42, 1, 0, '07564578886', 1461601057, 0, ''),
(453, 462, 42, 1, 0, '07746127357', 1461601669, 0, ''),
(454, 243, 42, 1, 0, '07983595095', 1461601798, 0, ''),
(455, 465, 42, 2, 0, '07462419891', 1461602018, 0, ''),
(456, 467, 42, 1, 0, '07534945095', 1461603846, 0, ''),
(457, 464, 42, 1, 0, '07543054640', 1461604697, 0, ''),
(458, 468, 42, 3, 0, '07949774555', 1461604809, 0, ''),
(459, 470, 42, 1, 0, '07584429104', 1461605300, 0, ''),
(460, 472, 42, 4, 0, '07758556570', 1461611714, 0, ''),
(461, 473, 42, 1, 0, '07929732521', 1461613337, 0, ''),
(462, 237, 42, 1, 0, '07450225836', 1461624201, 0, ''),
(463, 476, 42, 2, 0, '07986534081', 1461640134, 0, ''),
(464, 477, 42, 1, 0, '07889394549', 1461662369, 0, ''),
(465, 169, 40, 5, 0, '07527499249', 1461662885, 1, '+1'),
(466, 478, 42, 1, 0, '07460859483', 1461664804, 0, ''),
(467, 480, 42, 1, 0, '07720927532', 1461665385, 0, ''),
(468, 474, 42, 1, 0, '07522808802', 1461665472, 0, ''),
(469, 481, 42, 1, 0, '07519216305', 1461667409, 0, ''),
(470, 482, 42, 1, 0, '07443481510', 1461667603, 0, ''),
(471, 484, 42, 1, 0, '07950799160', 1461673733, 0, ''),
(472, 147, 40, 1, 0, '07592888601', 1461675891, 1, ''),
(473, 485, 42, 1, 0, '07979612089', 1461676750, 0, ''),
(474, 486, 42, 1, 0, '07443560423', 1461677104, 0, ''),
(475, 487, 42, 1, 0, '07503240183', 1461680575, 0, ''),
(476, 490, 42, 1, 0, '07933532089', 1461692516, 0, ''),
(477, 492, 42, 4, 0, '07931844041', 1461695926, 0, ''),
(478, 493, 42, 1, 0, '07920798936', 1461697376, 0, ''),
(479, 284, 42, 1, 0, '07506113840', 1461698369, 0, ''),
(480, 229, 42, 1, 0, '07904316048', 1461701747, 0, ''),
(481, 495, 42, 1, 0, '07449336485', 1461701861, 0, ''),
(482, 496, 42, 1, 0, '07528188840', 1461701921, 0, ''),
(483, 494, 42, 7, 0, '07477660589', 1461701933, 0, ''),
(484, 475, 42, 1, 0, '07528464299', 1461706029, 0, ''),
(485, 236, 42, 1, 0, '07912180470', 1461741867, 0, ''),
(486, 489, 42, 2, 0, '07754303250', 1461742856, 0, ''),
(487, 449, 42, 1, 0, '07525464401', 1461743695, 0, ''),
(488, 497, 42, 1, 0, '07856701071', 1461757150, 0, ''),
(489, 442, 42, 1, 0, '07464639369', 1461758568, 0, ''),
(490, 498, 42, 1, 0, '07864981293', 1461761859, 0, ''),
(491, 493, 42, 1, 0, '07956217317', 1461762347, 0, ''),
(492, 347, 40, 1, 0, '07740396148', 1461763658, 1, ''),
(493, 346, 40, 1, 0, '07917155223', 1461763719, 1, ''),
(494, 499, 42, 1, 0, '+447415736587', 1461769430, 0, ''),
(495, 500, 42, 1, 0, '07775990419', 1461770212, 0, ''),
(496, 488, 42, 1, 0, '07525464401', 1461772263, 0, ''),
(497, 501, 42, 1, 0, '07972340638', 1461788339, 0, ''),
(498, 253, 40, 9, 0, '07886548071', 1461791751, 1, '+3'),
(499, 150, 40, 1, 0, '07814556838', 1461795269, 1, ''),
(500, 258, 40, 1, 0, '07804679639', 1461797454, 1, ''),
(501, 124, 42, 1, 0, '07587184301', 1461836272, 0, ''),
(502, 504, 42, 1, 0, '07908505918', 1461836749, 0, ''),
(503, 506, 42, 1, 0, '07463716545', 1461838354, 0, ''),
(504, 511, 42, 1, 0, '07805945128', 1461840517, 0, ''),
(505, 512, 42, 1, 0, '07990877432', 1461841498, 0, ''),
(506, 513, 42, 1, 0, '07944530946', 1461845177, 0, ''),
(507, 424, 42, 1, 0, '07941838571', 1461847013, 0, ''),
(508, 517, 42, 1, 0, '07724888228', 1461854794, 0, ''),
(509, 515, 42, 2, 0, '07827916403', 1461864153, 0, ''),
(510, 519, 40, 1, 0, '07923267889', 1461865249, 1, ''),
(511, 523, 42, 1, 0, '07517790876', 1461885937, 0, ''),
(512, 524, 42, 1, 0, '07747448825', 1461896044, 0, ''),
(513, 530, 42, 9, 0, '07796718465', 1461928270, 0, ''),
(514, 152, 42, 6, 0, '07796718465', 1461931152, 0, ''),
(515, 531, 42, 1, 0, '07487738900', 1461934098, 0, ''),
(516, 489, 42, 1, 0, '07754303250', 1461937488, 0, ''),
(517, 533, 42, 1, 0, '07942970103', 1461939849, 0, 'Waiting list'),
(518, 150, 40, 1, 0, '07814556838', 1461946325, 1, ''),
(519, 536, 40, 6, 0, '07557919972', 1461948678, 1, ''),
(520, 535, 40, 1, 0, '07949688878', 1461950121, 1, ''),
(521, 100, 40, 2, 1, '0034620957619', 1461951091, 1, ''),
(522, 100, 40, 1, 0, '0034620957619', 1461951131, 1, '\n'),
(523, 286, 40, 2, 0, '07544999789', 1461952134, 1, ''),
(524, 73, 43, 1, 0, '07402018257', 1462397289, 0, ''),
(525, 253, 43, 6, 0, '07886548071', 1462397350, 1, '+2'),
(526, 539, 43, 1, 0, '+436601513692', 1462397462, 1, ''),
(527, 540, 43, 4, 0, '07516174441', 1462526185, 1, ''),
(528, 349, 43, 1, 0, '07479658304', 1462537667, 1, ''),
(529, 286, 43, 2, 0, '07544999789', 1462556806, 1, ''),
(530, 542, 43, 1, 0, '07435437704', 1462560361, 0, '');

-- --------------------------------------------------------

--
-- Table structure for table `events`
--

CREATE TABLE `events` (
  `id` int(11) UNSIGNED NOT NULL,
  `title` tinytext CHARACTER SET latin1 NOT NULL,
  `startTime` int(11) UNSIGNED NOT NULL,
  `price` int(11) UNSIGNED NOT NULL,
  `transport` int(11) NOT NULL,
  `description` varchar(1024) CHARACTER SET latin1 NOT NULL,
  `private` tinyint(1) NOT NULL DEFAULT '0',
  `fb_id` varchar(16) CHARACTER SET latin1 DEFAULT NULL,
  `postcode` varchar(8) CHARACTER SET latin1 NOT NULL,
  `venue` tinytext CHARACTER SET latin1 NOT NULL,
  `quantity` int(11) NOT NULL
) ENGINE=InnoDB DEFAULT CHARSET=utf8 COLLATE=utf8_swedish_ci;

--
-- Dumping data for table `events`
--

INSERT INTO `events` (`id`, `title`, `startTime`, `price`, `transport`, `description`, `private`, `fb_id`, `postcode`, `venue`, `quantity`) VALUES
(1, 'Smack Twisted - Week 1', 1452808800, 600, 600, 'Huge night of House & Club Bangers upstairs, and the legendary DJ Firstborn down in the LED Basement serving up the best R&B and Hip Hop.\n\nDRINKS:\nVodka Mixers - £1.50\nShots - £1.50\nBottles - £1.50', 0, '1551421391816026', 'CV32 5PJ', 'Smack', 0),
(2, 'JägerMonster - Week 1', 1452898800, 600, 600, 'For 5 years JagerMonster Warwick has been the biggest student night in Leamington Spa!\r\nDrinks:\r\nVodka Mixers: £1.50\r\nJagerMonster: £1.50\r\nShots: £1.50', 0, '1545864322405849', 'CV31 3NF', 'Neon', 0),
(3, 'Smack FLY - Week 2', 1453413600, 600, 600, 'The return of Smack\'s urban music night, bringing you the best in Hip Hop, R&B, House and Trap all night long. \n\nDrinks:\nVodka Mixers - £1.50\nShots - £1.50\nSelected Bottles - £1.50', 0, '475973449252881', 'CV32 5PJ', 'Smack', 0),
(4, 'JägerMonster - Week 2', 1453503600, 600, 600, 'For 5 years JagerMonster Warwick has been the biggest student night in Leamington Spa!\n\nDrinks:\nVodka Mixers: £1.50\nJagerMonster: £1.50\nShots: £1.50', 0, '1650985658488226', 'CV31 3NF', 'Neon', 0),
(5, 'Smack Twisted - Week 3', 1454018400, 600, 600, 'Huge night of House & Club Bangers upstairs, and the legendary DJ Firstborn down in the LED Basement serving up the best R&B and Hip Hop.\n\nDRINKS:\nVodka Mixers - £1.50\nShots - £1.50\nBottles - £1.50', 0, '1011823892190308', 'CV32 5PJ', 'Smack', 0),
(6, 'Kasbah KINKY - Week 3', 1454104800, 600, 400, 'The biggest Student Night Coventry has ever seen. \nWith a mixture of massive tunes, awesome drink deals & amazing party themes will make every week better than the last!!\n\nMain Room: A mix of Party – Charty – Dance – Pop\nSide Room: Live Music followed by Indie – Alternative – Rock\nGlobe Bar: Funky House', 0, NULL, 'CV1 5LY', 'Kasbah', 0),
(7, 'JägerMonster - Week 3', 1454108400, 600, 600, 'For 5 years JagerMonster Warwick has been the biggest student night in Leamington Spa!\r\n\r\nDrinks:\r\nVodka Mixers: £1.50\r\nJagerMonster: £1.50\r\nShots: £1.50', 0, '1544711475839402', 'CV31 3NF', 'Neon', 0),
(8, 'Kasbah BUBBLELUV - Week 4', 1454367600, 600, 400, 'The biggest Student Night Coventry has ever seen. \r\nWith a mixture of massive tunes, awesome drink deals & amazing party themes will make every week better than the last!!\r\n\r\nMain Room – Chart / R’N’B / Dance / POPTASTIC classics\r\nLeft Wing – Up n Coming Live Music / Alternative Disco afterwards\r\nGlobe Bar – Funky House', 0, NULL, 'CV1 5LY', 'Kasbah', 18),
(9, 'Smack FLY - Week 4', 1454623200, 600, 600, 'The return of Smack\'s urban music night, bringing you the best in Hip Hop, R&B, House and Trap all night long. \n\nDrinks:\nVodka Mixers - £1.50\nShots - £1.50\nSelected Bottles - £1.50', 0, '1685267288379259', 'CV32 5PJ', 'Smack', -5),
(10, 'JägerMonster - Week 4', 1454713200, 600, 600, 'For 5 years JagerMonster Warwick has been the biggest student night in Leamington Spa!\r\n\r\nDrinks:\r\nVodka Mixers: £1.50\r\nJagerMonster: £1.50\r\nShots: £1.50', 0, '1683015268604465', 'CV31 3NF', 'Neon', -38),
(11, 'Saints & Sinners Barcrawl - Week 5', 1455220800, 1000, 500, 'The big mid-term Barcrawl ending at SMACK for the first time! Saints and Sinners is the theme...what will you be? On which side do you fall...\n\nWith the usual incredible drinks deals from £1, we\'ll be taking you through 6 of Leamington\'s finest watering holes before ending the night at Smack.\n\nTickets include EXCLUSIVE drinks deals in all bars, AND EXCLUSIVE Q-JUMP entry into Smack!', 1, '614104018738364', 'CV32 5PJ', 'Smack', 28),
(12, 'Kasbah KINKY - Week 4', 1454709600, 600, 400, 'The biggest Student Night Coventry has ever seen. \r\nWith a mixture of massive tunes, awesome drink deals & amazing party themes will make every week better than the last!!\r\n\r\nMain Room: A mix of Party – Charty – Dance – Pop\r\nSide Room: Live Music followed by Indie – Alternative – Rock\r\nGlobe Bar: Funky House', 0, NULL, 'CV1 5LY', 'Kasbah', 20),
(13, 'Kasbah BUBBLELUV - Week 5', 1454972400, 600, 400, 'The biggest Student Night Coventry has ever seen. \r\nWith a mixture of massive tunes, awesome drink deals & amazing party themes will make every week better than the last!!\r\n\r\nMain Room – Chart / R’N’B / Dance / POPTASTIC classics\r\nLeft Wing – Up n Coming Live Music / Alternative Disco afterwards\r\nGlobe Bar – Funky House', 0, NULL, 'CV1 5LY', 'Kasbah', 15),
(14, 'Kasbah KINKY - Week 5', 1455314400, 600, 400, 'The biggest Student Night Coventry has ever seen. \r\nWith a mixture of massive tunes, awesome drink deals & amazing party themes will make every week better than the last!!\r\n\r\nMain Room: A mix of Party – Charty – Dance – Pop\r\nSide Room: Live Music followed by Indie – Alternative – Rock\r\nGlobe Bar: Funky House', 0, NULL, 'CV1 5LY', 'Kasbah', 18),
(15, 'JägerMonster - Week 5', 1455318000, 600, 600, 'For 5 years JagerMonster Warwick has been the biggest student night in Leamington Spa!\r\n\r\nDrinks:\r\nVodka Mixers: £1.50\r\nJagerMonster: £1.50\r\nShots: £1.50', 0, '780363212065932', 'CV31 3NF', 'Neon', -1),
(16, 'Smack Twisted - Week 5', 1455231600, 600, 600, 'Huge night of House & Club Bangers upstairs, and the legendary DJ Firstborn down in the LED Basement serving up the best R&B and Hip Hop.\r\n\r\nDRINKS:\r\nVodka Mixers - £1.50\r\nShots - £1.50\r\nBottles - £1.50', 0, '556671797834455', 'CV32 5PJ', 'Smack', 78),
(17, 'Kasbah BUBBLELUV - Week 6', 1455577200, 600, 400, 'The biggest Student Night Coventry has ever seen. \r\nWith a mixture of massive tunes, awesome drink deals & amazing party themes will make every week better than the last!!\r\n\r\nMain Room – Chart / R’N’B / Dance / POPTASTIC classics\r\nLeft Wing – Up n Coming Live Music / Alternative Disco afterwards\r\nGlobe Bar – Funky House', 0, NULL, 'CV1 5LY', 'Kasbah', 9),
(18, 'Smack FLY - Week 6', 1455836400, 600, 600, 'The return of Smack\'s urban music night, bringing you the best in Hip Hop, R&B, House and Trap all night long. \n\nDrinks:\nVodka Mixers - £1.50\nShots - £1.50\nSelected Bottles - £1.50', 0, '652394984899767', 'CV32 5PJ', 'Smack', 61),
(19, 'Kasbah KINKY - Week 6', 1455919200, 600, 400, 'The biggest Student Night Coventry has ever seen. \r\nWith a mixture of massive tunes, awesome drink deals & amazing party themes will make every week better than the last!!\r\n\r\nMain Room: A mix of Party – Charty – Dance – Pop\r\nSide Room: Live Music followed by Indie – Alternative – Rock\r\nGlobe Bar: Funky House', 0, NULL, 'CV1 5LY', 'Kasbah', 18),
(20, 'JägerMonster - Week 6', 1455922800, 600, 600, 'For 5 years JagerMonster Warwick has been the biggest student night in Leamington Spa!\r\n\r\nDrinks:\r\nVodka Mixers: £1.50\r\nJagerMonster: £1.50\r\nShots: £1.50', 0, '1119920984720055', 'CV31 3NF', 'Neon', 44),
(21, 'Kasbah BUBBLELUV - Week 7', 1456182000, 600, 400, 'With a mixture of massive tunes, awesome drink deals & amazing party themes will make every week better than the last!!\n\nMain Room – Chart / R’N’B / Dance / POPTASTIC classics\nLeft Wing – Up n Coming Live Music / Alternative Disco afterwards\nGlobe Bar – Funky House', 0, NULL, 'CV1 5LY', 'Kasbah', 9),
(22, 'Smack Twisted - Week 7', 1456441200, 600, 600, 'Huge night of House & Club Bangers upstairs, and the legendary DJ Firstborn down in the LED Basement serving up the best R&B and Hip Hop.\r\n\r\nDRINKS:\r\nVodka Mixers - £1.50\r\nShots - £1.50\r\nBottles - £1.50', 0, '450356638493143', 'CV32 5PJ', 'Smack', 80),
(23, 'Kasbah KINKY - Week 7', 1456524000, 600, 400, 'With a mixture of massive tunes, awesome drink deals & amazing party themes will make every week better than the last!!\n\nMain Room: A mix of Party – Charty – Dance – Pop\nSide Room: Live Music followed by Indie – Alternative – Rock\nGlobe Bar: Funky House', 0, NULL, 'CV1 5LY', 'Kasbah', 18),
(24, 'JägerMonster - Week 7', 1456527600, 600, 600, 'For 5 years JagerMonster Warwick has been the biggest student night in Leamington Spa!\n\nDrinks:\nVodka Mixers: £1.50\nJagerMonster: £1.50\nShots: £1.50', 0, '735976009871056', 'CV31 3NF', 'Neon', 51),
(25, 'Switch it Up: HistSoc', 1456527600, 700, 0, 'The Assembly is celebrating two years since the inaugural Switch took place, pulling in a stellar line up consisting of:\n\n- Kahn\n- Sir Spyro\n- Amy Becker\n- Jammz\n\n£1 of each ticket going towards our partner charity Rays of Sunshine. ', 1, '492200467654952', 'CV31 3NF', 'Leamington Assembly', 55),
(26, 'Kujeliu koncertas Warwick\'o universitete', 1456945200, 500, 0, 'K&#363;jeliai is a Lithuanian band renowned for their catchy folk music with a modern twist. Their truly unique songs incorporate a wide range of traditional folk instruments including whistles, harmonicas, mandolins and spoons. K&#363;jeliai are visiting Warwick University on the 2nd of March and invite everyone to share their musical passion! The event will also serve as a commemoration of the Day of Restoration of Independence of Lithuania.', 0, '1687727014842433', 'CV4 7AL', 'PAIS Common Room, Social Sciences', 41),
(27, 'Kasbah BUBBLELUV - Week 8', 1456786800, 600, 400, 'With a mixture of massive tunes, awesome drink deals & amazing party themes will make every week better than the last!!\r\n\r\nMain Room – Chart / R’N’B / Dance / POPTASTIC classics\r\nLeft Wing – Up n Coming Live Music / Alternative Disco afterwards\r\nGlobe Bar – Funky House', 0, NULL, 'CV1 5LY', 'Kasbah', 16),
(28, 'Smack FLY - Week 8', 1457046000, 600, 600, 'The return of Smack\'s urban music night, bringing you the best in Hip Hop, R&B, House and Trap all night long.', 0, '199184407104388', 'CV32 5PJ', 'Smack', 78),
(29, 'Kasbah KINKY - Week 8', 1457128800, 600, 400, 'With a mixture of massive tunes, awesome drink deals & amazing party themes will make every week better than the last!!\n\nMain Room: A mix of Party – Charty – Dance – Pop\nSide Room: Live Music followed by Indie – Alternative – Rock\nGlobe Bar: Funky House', 0, NULL, 'CV1 5LY', 'Kasbah', 4),
(30, 'JägerMonster - Week 8', 1457132400, 600, 0, 'With an absolutely unbeatable atmosphere, huge tunes from all your favourite genres and the biggest crowd in town... You know where to be!\n\nMain room featuring the biggest dancefloor classics as well as new music from the world of house and chart remixes. \n', 1, '244004492608260', 'CV31 3NF', 'Neon', 33),
(31, 'Kasbah BUBBLELUV - Week 9', 1457391600, 600, 0, 'With a mixture of massive tunes, awesome drink deals & amazing party themes will make every week better than the last!!\r\n\r\nMain Room – Chart / R’N’B / Dance / POPTASTIC classics\r\nLeft Wing – Up n Coming Live Music / Alternative Disco afterwards\r\nGlobe Bar – Funky House', 0, NULL, 'CV1 5LY', 'Kasbah', 20),
(32, 'The Legendary Easter Barcrawl', 1458244800, 1000, 500, 'WRISTBAND - Includes entry into all bars and Neon\n\nIt\'s that time of the year... how the have two terms gone by... the last night of term, the big one, always legendary... and this year we\'ve gone all out. \n\nThe Crawl:\nMoo Bar \nSaint Bar\nDuke\nLoose Box\nTJs\nNEON\n\nDrinks from £1 with Wristband from all venues!\nFancy Dress prize for Easter Theme\nHuge Chocolate Egg GIVEAWAY!', 1, '1668273516756767', 'CV31 3NF', 'Neon', 4),
(33, 'Smack Twisted - Week 9', 1457650800, 600, 600, 'Huge night of House & Club Bangers upstairs, and the legendary DJ Firstborn down in the LED Basement serving up the best R&B and Hip Hop.\r\n\r\nDRINKS:\r\nVodka Mixers - £1.50\r\nShots - £1.50\r\nBottles - £1.50', 0, NULL, 'CV32 5PJ', 'Smack', 79),
(34, 'Kasbah KINKY - Week 9', 1457733600, 600, 400, 'With a mixture of massive tunes, awesome drink deals & amazing party themes will make every week better than the last!!\r\n\r\nMain Room: A mix of Party – Charty – Dance – Pop\r\nSide Room: Live Music followed by Indie – Alternative – Rock\r\nGlobe Bar: Funky House', 0, NULL, 'CV1 5LY', 'Kasbah', 20),
(35, 'JägerMonster - Week 9', 1457737200, 600, 600, 'With an absolutely unbeatable atmosphere, huge tunes from all your favourite genres and the biggest crowd in town... You know where to be!\r\n\r\nMain room featuring the biggest dancefloor classics as well as new music from the world of house and chart remixes. \r\n', 0, NULL, 'CV31 3NF', 'Neon', 37),
(36, 'JägerMonster - Week 10', 1458342000, 600, 600, 'With an absolutely unbeatable atmosphere, huge tunes from all your favourite genres and the biggest crowd in town... You know where to be!\r\n\r\nMain room featuring the biggest dancefloor classics as well as new music from the world of house and chart remixes. \r\n', 1, NULL, 'CV31 3NF', 'Neon', 50),
(37, 'Internet, Participation and Society: Opportunities for the Global South', 1458211500, 0, 0, 'The Warwick Mexican Society in collaboration with the Department of Politics and International Studies and the Centre for Multidisciplinary Studies present: &quot;Internet Participation and Society: Opportunities for the Global South&quot;\r\n\r\nThe aim of the conference is to foster and encourage research about the Internet and its socio-political impact. By bringing together researchers in the field, it contributes to the critical and informative dialogue on challenges and opportunities of the Internet as a tool of democratization, participation and collective action. Thus, related research can improve the status quo for countries in the global south.', 0, '755323257935579', 'CV4 7AL', 'Helen Martin Studio', 57),
(38, 'Smack FLY - Week 10', 1458255600, 600, 600, 'The return of Smack\'s urban music night, bringing you the best in Hip Hop, R&B, House and Trap all night long.', 1, NULL, 'CV32 5PJ', 'Smack', 72),
(39, 'Kasbah KINKY - Week 10', 1458338400, 600, 400, 'With a mixture of massive tunes, awesome drink deals & amazing party themes will make every week better than the last!!\r\n\r\nMain Room: A mix of Party – Charty – Dance – Pop\r\nSide Room: Live Music followed by Indie – Alternative – Rock\r\nGlobe Bar: Funky House', 1, NULL, 'CV1 5LY', 'Kasbah', 20),
(40, 'JägerMonster - Week 1', 1461967200, 600, 600, 'With an absolutely unbeatable atmosphere, huge tunes from all your favourite genres and the biggest crowd in town... You know where to be!\r\n\r\nMain room featuring the biggest dancefloor classics as well as new music from the world of house and chart remixes. \r\n', 0, NULL, 'CV31 3NF', 'Neon', 4),
(41, 'Smack Twisted - Week 1', 1461880800, 600, 600, 'Huge night of House & Club Bangers upstairs, and the legendary DJ Firstborn down in the LED Basement serving up the best R&B and Hip Hop.\r\n\r\nDRINKS:\r\nVodka Mixers - £1.50\r\nShots - £1.50\r\nBottles - £1.50', 0, '777623549005825', 'CV32 5PJ', 'Smack', 80),
(42, 'Rock the Kasbah: Histsoc Hits Kasbah, The Finale', 1461960000, 500, 0, 'Woooo, you\'ve made it to term 3, congratulations! \nWith long essays, dissertations and exams all looming in the distance, have a night off. Relax. Destress. Join us as we make our final trip (of Rox and Badock\'s tenure as social secs #endofanera) to Kazzy b\n\nPick-up times: \nLeamington 10:30pm\nCampus 11:00pm', 1, '166650457062380', '', '', -1),
(43, 'JägerMonster - Week 2', 1462572000, 600, 600, 'With an absolutely unbeatable atmosphere, huge tunes from all your favourite genres and the biggest crowd in town... You know where to be!\r\n\r\nMain room featuring the biggest dancefloor classics as well as new music from the world of house and chart remixes. \r\n', 0, '717405238402673', 'CV31 3NF', 'Neon', 64),
(44, 'Smack FLY - Week 2', 1462485600, 600, 600, 'The return of Smack\'s urban music night, bringing you the best in Hip Hop, R&B, House and Trap all night long.', 0, '223707338004740', 'CV32 5PJ', 'Smack', 80),
(45, 'JägerMonster - Week 3', 1463176800, 600, 600, 'With an absolutely unbeatable atmosphere, huge tunes from all your favourite genres and the biggest crowd in town... You know where to be!\r\n\r\nMain room featuring the biggest dancefloor classics as well as new music from the world of house and chart remixes. \r\n', 0, '', 'CV31 3NF', 'Neon', 80),
(46, 'Smack Twisted - Week 3', 1463090400, 600, 600, 'Huge night of House & Club Bangers upstairs, and the legendary DJ Firstborn down in the LED Basement serving up the best R&B and Hip Hop.\r\n\r\nDRINKS:\r\nVodka Mixers - £1.50\r\nShots - £1.50\r\nBottles - £1.50', 0, '', 'CV32 5PJ', 'Smack', 80),
(47, 'Smack FLY - Week 6', 1464908400, 600, 600, 'The return of Smack\'s urban music night, bringing you the best in Hip Hop, R&B, House and Trap all night long.', 0, '225093527874757', 'CV32 5PJ', 'Smack', 80);

-- --------------------------------------------------------

--
-- Table structure for table `hosts`
--

CREATE TABLE `hosts` (
  `id` int(11) NOT NULL,
  `event_id` int(11) NOT NULL,
  `user_id` int(11) NOT NULL,
  `creationData` int(11) NOT NULL
) ENGINE=InnoDB DEFAULT CHARSET=latin1;

--
-- Dumping data for table `hosts`
--

INSERT INTO `hosts` (`id`, `event_id`, `user_id`, `creationData`) VALUES
(1, 25, 236, 1456195314),
(2, 26, 262, 1456851206),
(3, 37, 376, 1458162225),
(4, 42, 236, 1461599521);

-- --------------------------------------------------------

--
-- Table structure for table `resell`
--

CREATE TABLE `resell` (
  `id` int(11) UNSIGNED NOT NULL,
  `user_id` int(11) NOT NULL,
  `event_id` int(11) NOT NULL,
  `quantity` int(10) UNSIGNED NOT NULL,
  `transport` tinyint(1) NOT NULL,
  `mobile` tinytext NOT NULL,
  `bookingTime` int(10) UNSIGNED NOT NULL
) ENGINE=InnoDB DEFAULT CHARSET=latin1;

--
-- Dumping data for table `resell`
--

INSERT INTO `resell` (`id`, `user_id`, `event_id`, `quantity`, `transport`, `mobile`, `bookingTime`) VALUES
(1, 278, 24, 4, 0, '07435436308', 1456526444),
(4, 149, 35, 1, 0, '07851496312', 1457488662),
(5, 48, 35, 2, 0, '07785992876', 1457691764),
(6, 13, 36, 1, 0, '07999274265', 1458166433),
(7, 421, 40, 1, 0, '07540890031', 1461362773),
(8, 153, 40, 1, 0, '07580075599', 1461833226),
(9, 153, 40, 1, 0, '07580075599', 1461868779),
(10, 521, 40, 1, 0, '07826405189', 1461875307),
(11, 286, 40, 2, 0, '07544999789', 1461961278);

-- --------------------------------------------------------

--
-- Table structure for table `users`
--

CREATE TABLE `users` (
  `id` int(11) UNSIGNED NOT NULL,
  `fb_id` bigint(20) UNSIGNED NOT NULL,
  `email` varchar(254) DEFAULT NULL,
  `lastLoggedIn` int(10) UNSIGNED NOT NULL,
  `active` tinyint(1) NOT NULL
) ENGINE=InnoDB DEFAULT CHARSET=latin1;

--
-- Dumping data for table `users`
--

INSERT INTO `users` (`id`, `fb_id`, `email`, `lastLoggedIn`, `active`) VALUES
(1, 963961957028741, 'ftaheri@me.com', 1464521757, 1),
(2, 10203891856375602, 'to.alextaylor@outlook.com', 1461687272, 1),
(3, 1238598312823998, 'ro_batuta@hotmail.com', 1463138713, 1),
(12, 10205594181549740, 'deshan23@hotmail.com', 1465225018, 1),
(13, 10153594914628110, 'bexi.bexi@gmail.com', 1458166407, 1),
(14, 10207307531499164, 'tanay007@gmail.com', 1453192363, 1),
(15, 10209263818862164, 'ewura-adjwoa.nelson@hotmail.co.uk', 1461514506, 1),
(16, 1047171362011731, 'nayan46@hotmail.co.uk', 1453323329, 1),
(17, 197660757253714, 'ecargoohk@gmail.com', 1456429106, 1),
(18, 10207112609787379, 'mehdinhio102001@hotmail.com', 1455652219, 1),
(19, 1075430592503564, 'mahannikgohar@yahoo.co.uk', 1458182680, 1),
(20, 10208405967286224, 'chandanakelegama@gmail.com', 1453244084, 1),
(21, 10207313128322127, 'adgulwadi@gmail.com', 1453244216, 1),
(22, 219355205066843, 'annabelle.gout@hotmail.fr', 1462471684, 1),
(24, 196932827328443, 'm.madalena.temudo@gmail.com', 1453318843, 1),
(25, 975810599151316, 'smileybabe1997@gmail.com', 1456757353, 1),
(26, 1230478713636096, 'saradu23@live.fr', 1457016783, 1),
(27, 10153340535497469, 'primaveracosmica7@hotmail.com', 1453331363, 1),
(28, 10153798611563329, 'celitoun@hotmail.com', 1465116403, 1),
(29, 10153918052317244, 'kevinau94@me.com', 1453332266, 1),
(30, 1716845688548330, 'christina.49@hotmail.com', 1453332713, 1),
(31, 10204228771634005, 'lovisa.sihvola@gmail.com', 1455726859, 1),
(32, 10208286822317430, 'kate.j.urban@gmail.com', 1457556363, 1),
(33, 915075981874992, 'thegreenamigo@yahoo.co.uk', 1462485055, 1),
(34, 10207386003881595, 'hasinarahim_8@live.com', 1457585690, 1),
(35, 1113485608675029, 'appu.143@hotmail.co.uk', 1453370816, 1),
(36, 1006137952779900, 'kdrai94@googlemail.com', 1453373003, 1),
(37, 1099821286696994, 'neoetsve1994@hotmail.com', 1461846531, 1),
(38, 1020232304707187, 'liane94@live.co.uk', 1453377775, 1),
(39, 10207575833929699, 'alex_yturri@hotmail.com', 1455283627, 1),
(40, 10206652001313695, 'milesbaker08@googlemail.com', 1453385027, 1),
(41, 1122481154431022, 'outta-t-inner@hotmail.com', 1453387185, 1),
(42, 10208754556040098, 'stark_nathalie@yahoo.com.sg', 1457033178, 1),
(43, 10154561516314922, 'l8ter_shannon@hotmail.co.uk', 1453402709, 1),
(44, 10156397409605177, 'khushmalde@gmail.com', 1453407589, 1),
(45, 10208179227739132, 'geoffrey.develter@yahoo.fr', 1453415406, 1),
(46, 10207240830832950, 'shreytalwar@me.com', 1458244500, 1),
(47, 10207591546940683, 'rubymoulton@hotmail.co.uk', 1465320033, 1),
(48, 1077325828978856, 'pierrelouisragon@gmail.com', 1457897993, 1),
(49, 10153932492989973, 'diegobf94@gmail.com', 1453467899, 1),
(50, 10204031233780642, 'manyakalia14@gmail.com', 1456791698, 1),
(51, 10207856991081210, 'dhruv20@hotmail.co.uk', 1458068869, 1),
(52, 768404403293871, 'alexander_nederegger@web.de', 1458163545, 1),
(53, 10153379893161864, 'aaron_ppp@hotmail.co.uk', 1453485480, 1),
(54, 10207409716138778, 'jackn926@gmail.com', 1453489018, 1),
(55, 10152855950582465, 'fatima.loughzail@hotmail.com', 1455713923, 1),
(56, 10153845387792889, 'nadim10@yahoo.co.uk', 1457052867, 1),
(57, 10205809591861224, 'elizabeth.turland95@gmail.com', 1461594123, 1),
(58, 1716575798577450, 's_w_-@hotmail.co.uk', 1456964510, 1),
(59, 10203929544357479, 'benjamin.aime95@gmail.com', 1453909760, 1),
(60, 1150434621633379, 'matthieu-ripoll@hotmail.fr', 1461880684, 1),
(61, 10156625191335713, 'kanish_12@hotmail.co.uk', 1453934293, 1),
(62, 10208114029508933, 'leynabouchaala@gmail.com', 1455799039, 1),
(63, 10154441218845828, 'sol_engvall@hotmail.com', 1454578595, 1),
(64, 10207216918494386, 'bertilledut@hotmail.fr', 1457027075, 1),
(65, 968041499959207, 'sm.murtaza@hotmail.com', 1453997077, 1),
(66, 958176557607920, 'jakelazarus@outlook.com', 1457381942, 1),
(67, 979834212075882, 'ashwin_einstian@yahoo.com', 1455311062, 1),
(68, 1082283318473236, 'liloumag01@hotmail.fr', 1454001962, 1),
(69, 10205654956520627, 'matrudo@hotmail.com', 1454004874, 1),
(70, 10208907275103243, 'nickhead934@hotmail.co.uk', 1454006072, 1),
(71, 10153431923716314, 'golfista21@hotmail.com', 1454016394, 1),
(72, 1025069424222226, 'linyaya_1213@hotmail.com', 1454023742, 1),
(73, 1141994452487047, 'aguera.pbl@outlook.es', 1462557356, 1),
(74, 1115981791768464, 'cam_pimont@orange.fr', 1454030769, 1),
(75, 10153790742035821, 'amandaahrenmoonga@gmail.com', 1454069563, 1),
(76, 10205937467691362, 'david_vilalta@hotmail.com', 1454072857, 1),
(77, 825721804204652, 'mariederohanchabot@gmail.com', 1454076111, 1),
(78, 10208495530451011, 'bonnie.lener@gmail.com', 1454076407, 1),
(79, 10153964842782755, 'ghida.abiesber@hotmail.com', 1458160423, 1),
(80, 10153559361378197, 'sophierey94@hotmail.com', 1454079026, 1),
(81, 10208389647961513, 'alami.ismail_1995@yahoo.fr', 1461154215, 1),
(82, 10208521611940390, 'akrishnan9@gmail.com', 1454096837, 1),
(83, 10154082280562313, 'noorslaoui21@gmail.com', 1454100407, 1),
(84, 10205711531368671, 'junaidnayyer.sheikh@gmail.com', 1465177728, 1),
(85, 455911597947081, 'balthazarchasles@gmail.com', 1454330754, 1),
(86, 1050954048260309, 'alex.pap.1012@gmail.com', 1454331024, 1),
(87, 871830559596301, 'ferdinandraffy@gmail.com', 1461871429, 1),
(88, 1230137167016068, 'antoine.darius@sfr.fr', 1454334347, 1),
(89, 10208536972567894, 'pierre.pasquet18@gmail.com', 1462733381, 1),
(90, 10204117899386930, 'guigui.maz97@hotmail.fr', 1457725313, 1),
(91, 10203881490558048, 'maayasachdev@hotmail.co.uk', 1461928240, 1),
(92, 10154057805190116, 'amacgregordad@hotmail.com', 1455008054, 1),
(93, 10205718515827007, 'jemjams@ntlworld.com', 1457523574, 1),
(94, 10153484814352861, 'hugoreyna3@gmail.com', 1454419267, 1),
(95, 10156463427705514, 'knut_douglas@hotmail.com', 1457084033, 1),
(96, 10204291080116950, 'kbryant_24@hotmail.it', 1454424277, 1),
(97, 10156478230925635, 'kasperalsing@hotmail.com', 1454430694, 1),
(98, 10156486054055710, 'caroline.svefors@hotmail.com', 1454431249, 1),
(99, 10206853457909058, 'helent94@hotmail.com', 1458074983, 1),
(100, 1057576357597747, 'carlotahh15@hotmail.com', 1461950007, 1),
(101, 10153882271243550, 'sally.osbeck@gmail.com', 1454440939, 1),
(102, 10208464225780464, 'w.hamilton@hotmail.com', 1454442761, 1),
(103, 10206950810661091, 'fredrikstokke@me.com', 1454444298, 1),
(104, 10208233781064077, 'pxjessie0602@gmail.com', 1454501332, 1),
(105, 10153887352213104, 'lucas@lucasafox.com', 1454453812, 1),
(106, 10205658040270040, 'joesmith41@live.co.uk', 1457044512, 1),
(107, 960637014019357, 'molly.luvhorses@googlemail.com', 1454502786, 1),
(108, 10153875850638698, 'anokhi8@hotmail.com', 1454508382, 1),
(109, 10153897899764464, 'red7293@hotmail.com', 1454508603, 1),
(110, 775529915911501, 'gregoryefthimiou@live.co.uk', 1454516135, 1),
(111, 989883354415070, 'federicoalexrizzuto@gmail.com', 1454523640, 1),
(112, 599946176827688, 'okaforify@yahoo.co.uk', 1454540760, 1),
(113, 10153362540521430, 'gunte80@hotmail.com', 1454586045, 1),
(114, 10153512979771443, 'jakobluttropp@gmail.com', 1458155210, 1),
(115, 10207715017811564, 'boshgun@gmail.com', 1457106991, 1),
(116, 1303073583051488, 'tarushaw@gmail.com', 1454595469, 1),
(117, 10154496987813484, 'nathanaelwoodburn@yahoo.com', 1454595507, 1),
(118, 10208418234756028, 'christiannahas@hotmail.com', 1454602078, 1),
(119, 10208645468279191, 'bhavik_shah1997@hotmail.co.uk', 1454603172, 1),
(120, 10208783371088712, 'konradschmidt@rocketmail.com', 1457122592, 1),
(121, 10208633468897724, 'wesleyhaigh5@googlemail.com', 1454622445, 1),
(122, 10204104640254786, 'salim.buggle@hotmail.de', 1456191289, 1),
(123, 10207371850107033, 'esumcw@warwick.ac.uk', 1454623543, 1),
(124, 10203873144227367, 'harryswin@tiscali.co.uk', 1461836239, 1),
(125, 1052355918135977, 'cnilstoft@gmail.com', 1454628911, 1),
(126, 10156407875325212, 'andrea.ortega.s@hotmail.com', 1456857113, 1),
(127, 10208356581089992, 'amanda.turone@live.co.uk', 1456519522, 1),
(128, 10153828204954774, 'denizarikan96@hotmail.com', 1454675206, 1),
(129, 1252079528153428, 'shiffa_k@hotmail.com', 1454676835, 1),
(130, 10205366067651783, 'priyankachandran@hotmail.com', 1458085256, 1),
(131, 1733904410174844, 'kissableanne@163.com', 1454678730, 1),
(132, 1102118473154339, 'alice.gineste@gmx.fr', 1457623519, 1),
(133, 1681011168835869, 'mel.mel@hotmail.co.uk', 1457443130, 1),
(134, 10153630918379934, 'scott.m.woods@btinternet.com', 1454689220, 1),
(135, 215077472177175, 'bhavisha97@hotmail.com', 1454693103, 1),
(136, 10153427455467219, 'fabbe_19@hotmail.com', 1454707085, 1),
(137, 10156587871410093, 'nils.p.wickman@gmail.com', 1454707110, 1),
(138, 474293469425034, 'afonsalex@free.fr', 1454926832, 1),
(139, 10207104802489932, 'thejumo@gmail.com', 1454931080, 1),
(140, 10208374963672349, 'ryancluffy@gmail.com', 1455115282, 1),
(141, 10205686823392337, 's.singh97@yahoo.co.in', 1456360684, 1),
(142, 10208588325168179, 'jo54shd@gmail.com', 1454953970, 1),
(143, 10208016746113247, 'hannah_wright_@hotmail.co.uk', 1454964442, 1),
(144, 1143708762306227, 'scarlett.billsberry@hotmail.co.uk', 1454963013, 1),
(145, 1171500136205879, 'rachaelking@outlook.com', 1457700101, 1),
(146, 10205902613660813, 'mollywilson123456789@gmail.com', 1455819936, 1),
(147, 843651772447460, 'jessica.oshodi@gmail.com', 1465160377, 1),
(148, 10208692694217534, 'emmamaddern@gmail.com', 1454967595, 1),
(149, 10208873272012306, 'erachaelj@hotmail.co.uk', 1457538846, 1),
(150, 10208749258512255, 'sarahkehoe@msn.com', 1465320462, 1),
(151, 1077492435646997, 'madswarren97@hotmail.co.uk', 1454967635, 1),
(152, 1204372879576105, 'maddieperrett@googlemail.com', 1461928509, 1),
(153, 1274415349240666, 'lolly_pop34@hotmail.co.uk', 1461868728, 1),
(154, 10208666131161069, 'anthonychurch96@gmail.com', 1455717677, 1),
(155, 981309528615144, 'rob@paperang.com', 1455016218, 1),
(156, 10153853710792158, 'sean.hudspeth@hotmail.com', 1455025404, 1),
(157, 1105487532803511, 'christoph.schmidt-privat@gmx.com', 1455030670, 1),
(158, 1296599503690366, 'adam_place@hotmail.co.uk', 1464633547, 1),
(159, 536710863153693, 'carysj@me.com', 1456312203, 1),
(160, 1044439572243953, 'kush_b_shah@hotmail.co.uk', 1455190917, 1),
(161, 1192622174082085, 'saqer291@live.com', 1455101933, 1),
(162, 908847679245608, 'kalsytang@gmail.com', 1455112917, 1),
(163, 976431849093559, 'aashriya24jain@yahoo.com', 1455114058, 1),
(164, 1163428850335819, '', 1455138397, 0),
(165, 1299353036748334, 'ievut4@gmail.com', 1456938530, 1),
(166, 10205456161515721, 'nawid-a@hotmail.co.uk', 1455159963, 1),
(169, 1243886675627572, 'ems2112@hotmail.co.uk', 1461662670, 1),
(170, 1123356791028890, 'francesca.t_henry@btinternet.com', 1455208450, 1),
(171, 10208949401198142, 'charlottebushface@gmail.com', 1455208711, 1),
(172, 853416798103847, 'isabel.wallace@hotmail.co.uk', 1457535974, 1),
(173, 1056169941114579, 'harrietta96@gmail.com', 1455214633, 1),
(174, 10208721794712788, 'malcolmhigh@hotmail.co.uk', 1457702591, 1),
(175, 1120425261314881, 'hannah.malyon97@hotmail.com', 1457535927, 1),
(176, 959331364143859, 'themarshalls@sky-mail.net', 1456066119, 1),
(177, 10205569283086966, 'arran97@msn.com', 1455216884, 1),
(179, 10208842765486871, 'fatimabatoolharoon@gmail.com', 1455282470, 1),
(180, 946384292109244, 'shaanjivan@hotmail.co.uk', 1465140908, 1),
(182, 553298171504712, 'poppy.osborne97@gmail.com', 1455277722, 1),
(183, 1343427375684188, 'tommaskill@gmail.com', 1465078557, 1),
(184, 10207788104113216, 'mullerboys@hotmail.com', 1455284855, 1),
(185, 10209095698853194, 'andreina.losada@hotmail.fr', 1455290285, 1),
(186, 10208696347270734, 'ellie_rocks7@btinternet.com', 1456233313, 1),
(187, 10153792627750856, 'ollie-lufc@hotmail.co.uk', 1455295207, 1),
(188, 1059880270736513, 'annenicole@inbox.lv', 1455808401, 1),
(189, 10205894257061009, 'sandracastanedamota@gmail.com', 1455309156, 1),
(190, 1235869059760757, 'roksi4k@e1.ru', 1457622886, 1),
(191, 1123735470970535, 'jade_96_@hotmail.com', 1455299059, 1),
(192, 10207046177967631, 'katiensy@yahoo.com.hk', 1460250694, 1),
(193, 1022532104478937, 'djkiker@mail.ru', 1457112482, 1),
(194, 934108993305738, 'ravin-patel@hotmail.co.uk', 1455299891, 1),
(195, 1072981019411915, 'lisapun@hotmail.com', 1455300592, 1),
(197, 10154056927433706, 'howyeechoi@hotmail.co.uk', 1456754794, 1),
(198, 951527888228784, 'a.english.1997@gmail.com', 1455406995, 1),
(199, 1037487242981558, 'robert.myers8@btconnect.com', 1455409798, 1),
(200, 10207665767336482, 'marshalltsang@gmail.com', 1455466643, 1),
(201, 1263712236979580, 'chloepne@gmail.com', 1455467131, 1),
(202, 948549718560278, 'pinkgiraffe5@hotmail.co.uk', 1455547310, 1),
(203, 10207864735751721, 'babamoosheep@gmail.com', 1455535521, 1),
(204, 10153886568416168, 'avishka_k10@hotmail.com', 1455555920, 1),
(205, 10153204526982084, 'alison.jennings@warwick.ac.uk', 1462369657, 1),
(206, 1226826757345004, 'na33a@hotmail.co.uk', 1457603268, 1),
(207, 10203857422034211, 'celebrity0014jesus@yahoo.com', 1457435121, 1),
(208, 10208922271274503, 'h.g.k.van-der-harst@warwick.ac.uk', 1457036021, 1),
(209, 10207032771591805, 'arnaud2.goldberg@gmail.com', 1456514646, 1),
(210, 10153868567778604, 'ollieunitt96@gmail.com', 1458241509, 1),
(211, 10154034842934015, 'kaarinkelkar@yahoo.com', 1455802218, 1),
(212, 10206991332476705, 'milessmith31@googlemail.com', 1456256137, 1),
(213, 10154590963852729, 'a.ghuwalewala@warwick.ac.uk', 1457277481, 1),
(214, 1011615628908488, 'leyla.paolucci@gmail.com', 1456167327, 1),
(215, 10207526036362590, 'nikitamaximov@hotmail.com', 1455882996, 1),
(216, 1792470637642384, 'siavashmalekinejad@gmail.com', 1457979729, 1),
(217, 906825206082912, 'patriciamichavila@hotmail.es', 1457796784, 1),
(218, 10208814797546774, 'j.smith.12@warwick.ac.uk', 1455900377, 1),
(219, 10206857416368219, 'martin29797@hotmail.fr', 1457109402, 1),
(220, 10208769681263105, 'nadine_a1997@hotmail.com', 1464979189, 1),
(221, 10206961240881739, 'jgpfifa@hotmail.co.uk', 1458334166, 1),
(223, 1343191229041117, 'creed179@hotmail.co.uk', 1456088690, 1),
(224, 957406010995676, 'tim.robbins@live.co.uk', 1456753149, 1),
(225, 1153564344683911, 'stealth.jack@googlemail.com', 1465063394, 1),
(226, 10205575325127977, 'heyimdina@hotmail.co.uk', 1461598128, 1),
(227, 969548806458736, 'ryan.argent1@googlemail.com', 1457089105, 1),
(228, 1116010138412148, 'fionalouisetaylor@tiscali.co.uk', 1465120126, 1),
(229, 1011315722279361, 'freddie.larkins@hotmail.com', 1461701542, 1),
(230, 10154017728864701, 'helenapatel5@hotmail.com', 1458317261, 1),
(231, 10201168972862124, 'butterandjam@live.co.uk', 1461929020, 1),
(232, 1118158434887113, 'amelia.ireland@hotmail.com', 1461594315, 1),
(233, 480710008784215, 'jamieleejenkins27@googlemail.com', 1461593874, 1),
(234, 1734847076801909, 'jacobbadcockisaac@gmail.com', 1456312938, 1),
(235, 10207421697655064, 'katyh101@yahoo.co.uk', 1456161826, 1),
(236, 1058676127522949, 'amarino@allington.co.uk', 1461741800, 1),
(237, 219517208397591, 'danielwelsh1197@gmail.com', 1461624093, 1),
(238, 1044528952255291, 'misskatiej@hotmail.co.uk', 1456171275, 1),
(239, 1132962723403800, 'lcr@uwclub.net', 1456178054, 1),
(240, 1196792953683980, 'cl.phillips@hotmail.com', 1457380760, 1),
(241, 1078538755510033, 'lissyp7@btinternet.com', 1461593790, 1),
(243, 10153487180457775, 'katebeadle@hotmail.co.uk', 1461601744, 1),
(244, 10206826824487429, 'martabmusolino@hotmail.it', 1456331171, 1),
(245, 1102367793128676, 'els.g@btinternet.com', 1456419056, 1),
(250, 10208879895576669, 'roxy.wood@btinternet.com', 1461588743, 1),
(251, 824426981000870, 'jchin1992@gmail.com', 1456239012, 1),
(252, 1280760128607364, 'moa_moa789@hotmail.com', 1456516555, 1),
(253, 1284080144941556, 'jahmalnicholson24@gmail.com', 1464940730, 1),
(254, 10204133768903130, 'maddy.poppy.ralph@gmail.com', 1456263719, 1),
(255, 10207271525818656, 'kieran.sargent@hotmail.co.uk', 1456264229, 1),
(256, 1130249906986715, 'alex.mcculloch@hotmail.co.uk', 1456357093, 1),
(257, 10208887166924930, 'ghf.paul@gmail.com', 1456317571, 1),
(258, 10204017651840973, 'mlpjag@tesco.net', 1461797290, 1),
(259, 1341699262522964, 'richipicon@gmail.com', 1461927360, 1),
(260, 10156591320845215, 'melo99@ntlworld.com', 1456346112, 1),
(261, 10205278462511986, 'ollie.madelin@googlemail.com', 1456349537, 1),
(262, 10205552639444221, 'suplukas@yahoo.com', 1456994591, 1),
(263, 1700054250262727, 'kenlawal95@gmail.com', 1456359329, 1),
(267, 1266333233383885, 'izzi.wilkinson@hotmail.co.uk', 1456401981, 1),
(268, 10208248228071199, 'jakk0005@gmail.com', 1456402564, 1),
(269, 10205938918047734, 'adamlevy966@gmail.com', 1456404903, 1),
(270, 1365921050100927, 'lydparsons4@gmail.com', 1456413145, 1),
(271, 10153309662326825, 'mandypandy_93@hotmail.com', 1456500120, 1),
(272, 951663198202095, 'james_lloyd8@hotmail.com', 1456421176, 1),
(273, 10153950783034461, 'sebastian.l.johansson@gmail.com', 1457889706, 1),
(274, 10201403300481529, 'mel.moussallem@hotmail.com', 1456441936, 1),
(275, 10206101634956042, 'anna.liddell17@gmail.com', 1458039928, 1),
(276, 10154042032754214, 'claudialoy@hotmail.com', 1458000384, 1),
(277, 653940161375022, 'lucyrheming@googlemail.com', 1456484790, 1),
(278, 923809391059628, 'arianebevierre@gmail.com', 1458033364, 1),
(279, 1024793360913889, 'kate.scarlett.mahoney@gmail.com', 1456492053, 1),
(280, 10206093010587079, 'emma.h_125@hotmail.com', 1456512818, 1),
(281, 10204486393838851, 'angusburger@msn.com', 1456496858, 1),
(282, 10207871981131711, 'safiya.shariff1@gmail.com', 1461589252, 1),
(283, 10155165045387837, 'freya-may@live.co.uk', 1456502259, 1),
(284, 10208447094355652, 'alexiam203@hotmail.com', 1461698301, 1),
(285, 245082942497233, 'ayanmohamed96@gmail.com', 1456516715, 1),
(286, 238017969867523, 'normasereni@yahoo.it', 1462556767, 1),
(287, 1703477743223856, 'zachary.n.gold@gmail.com', 1456518037, 1),
(288, 10205812824095666, 'fredjnewman@googlemail.com', 1456518301, 1),
(289, 10208402739443212, 'rhodesj971@hotmail.com', 1456520495, 1),
(290, 10203997365252965, 'povilaitis.tomas@gmail.com', 1456520515, 1),
(291, 1260205773991379, 'maymadness66@hotmail.com', 1456521524, 1),
(292, 10206489465578873, 'jonah.weisz@gmail.com', 1456527579, 1),
(293, 10153972303868674, 'lottiedeveysmith@gmail.com', 1456775178, 1),
(294, 10154093946783690, 's.dubash@warwick.ac.uk', 1456837190, 1),
(295, 1719957088291386, 'atenekecoryte@yahoo.com', 1456947285, 1),
(296, 1148464861839900, 'edgars648@gmail.com', 1456864913, 1),
(297, 10209049522183031, 'tzvety_aleksova@abv.bg', 1456864952, 1),
(298, 10205963901204596, 'p.indriunaite@gmail.com', 1456927822, 1),
(299, 686859421455184, 'matasgud@yahoo.com', 1456947165, 1),
(300, 1017100965031427, 'mojo-12@hotmail.com', 1456871554, 1),
(301, 10154328162024123, 'alex.bucknall@gmail.com', 1456875012, 1),
(302, 1229620033734685, 'nikolay12345@abv.bg', 1456877867, 1),
(303, 1228844887143532, 'v.polevicius@gmail.com', 1456884979, 1),
(304, 1715968108640419, 't.cerkauskas@warwick.ac.uk', 1456938738, 1),
(305, 1162271847118800, 'sweety.emile@gmail.com', 1456923628, 1),
(306, 1572027776420833, 'damian.kurowski@yahoo.com', 1456942034, 1),
(307, 1147513608614579, 'kest.grumodas@gmail.com', 1456931621, 1),
(308, 10206382073133454, 'oliviacolumbina@gmail.com', 1458074549, 1),
(309, 10207638118763948, 'saira1996@hotmail.co.uk', 1456962944, 1),
(310, 959969714039128, 'andy_varvaroi@yahoo.com', 1457029763, 1),
(311, 10206805549031622, 'michelleporskjar@gmail.com', 1458314222, 1),
(312, 10205836326015911, NULL, 1457033626, 0),
(313, 10209103062036682, 'carlotta.meroni@hotmail.it', 1457708205, 1),
(314, 10209140032361788, NULL, 1457906804, 0),
(315, 10154029659044165, 'danielnorley@hotmail.com', 1457044259, 1),
(316, 1031547750236818, 'alb.2904@gmail.com', 1457049010, 1),
(317, 10208780531858482, 'camillevalantin96@gmail.com', 1457103044, 1),
(318, 10208580624301045, 'n.chayenko@warwick.ac.uk', 1457082758, 1),
(319, 203891726636927, 'zuccoloana@gmail.com', 1457091596, 1),
(320, 1264121063605052, 'antonellaruberto@hotmail.it', 1457092315, 1),
(321, 10207576048192665, 'victoiretisserand@free.fr', 1457092319, 1),
(322, 10208372555532112, 'C.Barrois@warwick.ac.uk', 1457092957, 0),
(323, 10207788053275274, 'aymarcp@live.com', 1457107786, 1),
(324, 1035771409795040, NULL, 1457098793, 0),
(325, 671214729685193, 'ambroise.isnard@gmail.com', 1457100776, 1),
(326, 1098571920162853, 'mxmireur@gmail.com', 1457100837, 1),
(327, 10207371884006707, 'michaelmorvan@hotmail.fr', 1457111812, 1),
(328, 10208113364219563, 'marcus.bonnelyche@hotmail.com', 1457103492, 1),
(329, 10208675479706319, 'alienor888999@gmail.com', 1457107037, 1),
(330, 776142165849089, 'fabrycki@gazeta.pl', 1457107574, 1),
(331, 820164941446705, 'romainmartocq@hotmail.fr', 1457371004, 1),
(332, 10204410571223690, 'mariagomezbestue@gmail.com', 1457108241, 1),
(333, 10209238447225339, 'manon.castet@gmail.com', 1457111851, 1),
(334, 10208658587165143, 'arnaudleroy95@orange.fr', 1457116614, 1),
(335, 1124614440884671, 'c.de-la-rica-roxas@warwick.ac.uk', 1457112791, 1),
(336, 1370220529671085, 'sofiadeprit@hotmail.com', 1457112827, 1),
(337, 1147639215247797, 'matthias.dicks@gmail.com', 1457116451, 1),
(338, 10208759732453656, 'scampie@hotmail.fr', 1457117824, 1),
(339, 10208819285789149, 'riddhi987@yahoo.co.in', 1458316847, 1),
(340, 10206216527954588, 'tipi95@msn.com', 1457128888, 1),
(341, 1108240259227740, 'fabien.md@laposte.net', 1463510925, 1),
(342, 10208573708157425, 'eugenie.fl@hotmail.fr', 1457132058, 1),
(343, 10153888269236101, 'charles.fournel@gmail.com', 1457134107, 1),
(344, 10208672729804564, NULL, 1457306694, 0),
(345, 1141637459193614, 'anzef@rambler.ru', 1457378649, 1),
(346, 10209284326371679, 'cocopops_x@hotmail.co.uk', 1461763595, 1),
(347, 10206134229938032, 'jade.bracken@yahoo.co.uk', 1461763616, 1),
(348, 10153558343730914, 'trisha_bhattacharya2000@yahoo.com', 1457470146, 1),
(349, 204932279862396, 'laura.mcgaffin@gmail.com', 1462537529, 1),
(350, 993474300701630, 'andreivirtej@yahoo.com', 1457610256, 1),
(351, 10156654382220051, 'seversavanciuc@hotmail.com', 1457630165, 1),
(352, 10153934983784933, 'lavaanyarekhi@gmail.com', 1457652113, 1),
(353, 1256077311077878, 'yaz1296@googlemail.com', 1457700673, 1),
(354, 10206282391914827, 's.ally@hotmail.it', 1457707922, 1),
(355, 1025238170865616, 'alexdima1994@gmail.com', 1457707900, 1),
(356, 10207377781554811, 'martinaa92@live.it', 1457708249, 1),
(357, 10207811605199316, 'andreamerlini46@virgilio.it', 1457708896, 1),
(358, 10205172644856467, 'bia297@yahoo.com', 1457718016, 1),
(359, 10204559718147403, 'avs5@hotmail.co.uk', 1458066417, 1),
(360, 1132730443424623, 'lucas.ragon@gmail.com', 1457724349, 1),
(361, 10208932418858494, 'mohib96@hotmail.co.uk', 1457737310, 1),
(362, 10207998789702967, 'oscar.s@hotmail.de', 1457787516, 1),
(363, 1694154160801869, 'snishtar@yahoo.co.uk', 1458082926, 1),
(364, 1063490363697663, 'e_orlandi@hotmail.it', 1457906128, 1),
(365, 1162005467152300, NULL, 1457908799, 0),
(366, 1312705158745916, 'sponzina@gmail.com', 1457908760, 1),
(367, 10154116543343013, 'faridkarim@hotmail.co.uk', 1457909165, 1),
(368, 10207685676534017, 'b-s-s@live.co.uk', 1457952269, 1),
(369, 992773157468458, 'siddharth.menon@hotmail.co.uk', 1457962687, 1),
(370, 10156583107550403, 'chrisfleury1@aol.com', 1457963332, 1),
(371, 10153974607369705, 's_satbir@hotmail.com', 1458127800, 1),
(372, 1130109660355333, 'cecilia_covaleov@yahoo.com', 1458025278, 1),
(373, 10205636817305853, 'alexthebest98@gmail.com', 1458317383, 1),
(374, 10153230709801330, 'wondergiada@hotmail.fr', 1458039663, 1),
(375, 10153981736426800, 'max_gloger@hotmail.co.uk', 1458225423, 1),
(376, 1041159435940260, 'ro_peter93@hotmail.com', 1458209635, 1),
(377, 10153514509776884, 'timeknows@hotmail.com', 1458048061, 1),
(378, 10156604785110247, 'rodolfo.fofo@gmail.com', 1458048735, 1),
(379, 1159746520704254, 'mad_one@live.co.uk', 1458048887, 1),
(380, 10154011945154932, 'lilianarochag@hotmail.com', 1458048889, 1),
(381, 966715973405485, 'ingridreciojimenez@yahoo.es', 1458179281, 1),
(382, 10153404079626766, 'jumbod@gmail.com', 1458049071, 1),
(383, 220761864945284, 'x.han.2@warwick.ac.uk', 1458058879, 1),
(384, 10156735737020455, 'priyesh_996@hotmail.com', 1458068547, 1),
(385, 10207682114627511, 'paddy.stoof@googlemail.com', 1458074079, 1),
(386, 10207910112607237, 'freddiemetherell@gmail.com', 1458074515, 1),
(387, 10207318363534705, 'alexdelex@hotmail.fr', 1458075026, 1),
(388, 10201542986052612, 'saako.n@gmail.com', 1458075470, 1),
(389, 10154353359461564, 'deniz_mut@hotmail.com', 1458129324, 1),
(390, 10205788768414998, NULL, 1458129427, 0),
(391, 1046926952049199, 'claudia.cai3@gmail.com', 1458130081, 1),
(392, 10153644489395668, 'samanta_018@hotmail.com', 1458131917, 1),
(393, 10207116225242944, 'hwtan94@gmail.com', 1458134269, 1),
(394, 1245249925505128, 'bellelouisehills@hotmail.co.uk', 1458144306, 1),
(395, 10153272070637294, 'casey_dennis@hotmail.co.uk', 1458154872, 1),
(396, 10209043989043787, 'philip.d.reuter@gmail.com', 1458155169, 1),
(397, 10156653196765158, 'recorcholis_5@hotmail.com', 1458158885, 1),
(398, 10208885429352569, 'chanaez@hotmail.com', 1458159065, 1),
(399, 10153963182409780, 'sarajagosova@centrum.cz', 1458312174, 1),
(400, 10209259656435197, 'jl1997@gmail.com', 1458210074, 1),
(401, 10208140601344566, 'mr.k_3@hotmail.co.uk', 1458224954, 1),
(402, 1688573681408957, 'shamilka@hewagama.co.uk', 1458226035, 1),
(403, 10156642126185282, 'k.sihra@warwick.ac.uk', 1458226674, 1),
(404, 10209160587357564, 'harriettnewsham@aol.co.uk', 1458232935, 1),
(405, 955229187900129, 'gavinkirby10@gmail.com', 1458232365, 1),
(406, 1143873285632743, 'georgejackwynne@hotmail.co.uk', 1458232813, 1),
(407, 10153984678079804, 'nirpeksh@okayti.com', 1458244612, 1),
(408, 1230524333643847, 'patrickh_96@hotmail.co.uk', 1458246384, 1),
(409, 1011241345589073, 'leah.rosendahl@gmail.com', 1458257087, 1),
(410, 10209119481967099, 'ziar_khosrawi@hotmail.de', 1458268971, 1),
(411, 10156717144385445, 'n.sarin@warwick.ac.uk', 1458299409, 1),
(412, 10207631456478456, 'roemermarc@hotmail.com', 1458315583, 1),
(413, 10156688436565164, 'alice_150@hotmail.com', 1458308823, 1),
(414, 10153992142109420, 'maheen95_rizvi@hotmail.com', 1458309330, 1),
(415, 10156636149795576, 'jules_93@hotmail.co.uk', 1458309609, 1),
(416, 10154019858832500, 'joannachamieh@hotmail.com', 1458323414, 1),
(417, 1177848978893845, 'clarayalmanian@hotmail.com', 1458324923, 1),
(418, 10208843375024676, 'srgtom@gmail.com', 1458335959, 1),
(419, 10101148321641024, 'mwseibel@gmail.com', 1459928318, 1),
(420, 10208739263896126, 'julien.avezou@gmail.com', 1461017005, 1),
(421, 10209703810298319, 'silly_soph_96@hotmail.co.uk', 1461360664, 1),
(422, 10204295862356494, 'carbuncleboy@live.co.uk', 1461435352, 1),
(423, 1105909099431626, 'sophia_julia_lelew@hotmail.co.uk', 1461502308, 1),
(424, 10154131330837726, 'mkynaston712@gmail.com', 1461846985, 1),
(425, 10209380642303260, 'emm.mo@hotmail.com', 1461588767, 1),
(426, 10209011341424379, 'lucyrheming@hotmail.co.uk', 1461588943, 1),
(427, 1691881514410288, 'elenya.bye@dial.pipex.com', 1461588952, 1),
(428, 1208541622523725, 'bryonydd@btinternet.com', 1461589496, 1),
(429, 10156799484585433, 'rufferella03@yahoo.co.uk', 1461589549, 1),
(430, 10209352651357904, 'denis_the_menace@hotmail.co.uk', 1461590471, 1),
(431, 1152230614789936, NULL, 1461591884, 0),
(432, 10205354716701158, 'misstanswell2009@hotmail.co.uk', 1461590741, 1),
(433, 1255522907808813, 'kapmail2006-friends@yahoo.co.uk', 1461590847, 1),
(434, 10156754392670262, 'lukejwilliams@hotmail.co.uk', 1461591575, 1),
(435, 10209991460491851, 'jayraghu01@hotmail.co.uk', 1461591723, 1),
(436, 1188300971182942, 'athavanb@hotmail.co.uk', 1461594462, 1),
(437, 10207329474449190, 'willisdachelsea@hotmail.co.uk', 1461592312, 1),
(438, 10209521266608015, 'kt_kirkham@yahoo.co.uk', 1461592555, 1),
(439, 10201497979128589, 'wygriff20@gmail.com', 1461593481, 1),
(440, 860046120789019, 'djcanoprentice@gmail.com', 1461593508, 1),
(441, 1152552171456680, 'barnabasvegh96@gmail.com', 1461593513, 1),
(442, 10154118858481182, 'beth.newman333@gmail.com', 1461758482, 1),
(443, 865240123605017, 'charleyad21@googlemail.com', 1461593571, 1),
(444, 976582192438735, 'elharvey1996@gmail.com', 1461593585, 1),
(445, 10208531903350669, 'youngjilee@hotmail.co.uk', 1461593755, 1),
(446, 10153410641756433, 'lmmarsh@btopenworld.com', 1461705990, 1),
(447, 1324065077620661, 'wiseman86@rogers.com', 1461593840, 1),
(448, 10208896505025866, 'samirmodi@hotmail.co.uk', 1461593872, 1),
(449, 10154072373283076, 'ponyponyanna@yahoo.co.uk', 1461743629, 1),
(450, 1351834264833772, 'ketchupblob@tiscali.co.uk', 1461594568, 1),
(451, 10206295380769825, 'hoby_odowd@hotmail.com', 1461594791, 1),
(452, 10201738738947475, 'conorhtfc@hotmail.co.uk', 1461792629, 1),
(453, 10207685830601648, NULL, 1461835572, 0),
(454, 10207340352961262, 'pannikt@hotmail.co.uk', 1461596832, 1),
(455, 10208164656467525, 'taylor-ann@hotmail.co.uk', 1461596850, 1),
(456, 10207434206425619, 'eleanordubedat@gmail.com', 1461597885, 1),
(457, 1112279672167553, 'rihards.stagis@gmail.com', 1461598484, 1),
(458, 10204704648694684, NULL, 1461598717, 0),
(459, 10154116789678407, 'mel-p@hotmail.co.uk', 1461599076, 1),
(460, 10154875000223357, 'alex.lapthorne@hotmail.co.uk', 1461600993, 1),
(461, 10154155857804920, 'georgie-lou-red@hotmail.co.uk', 1461600563, 1),
(462, 1050505711661689, 'danielamizzen@gmail.com', 1461600681, 1),
(463, 10207689193965728, 'roshanchopra@rocketmail.com', 1461600997, 1),
(464, 10209834843854839, 'mike_rosey_96@hotmail.com', 1461601420, 1),
(465, 10154564677429578, 'ashwinsharma1@gmail.com', 1461601955, 1),
(466, 496621397193031, NULL, 1461673065, 0),
(467, 10154176302612700, 'garedrup96@hotmail.com', 1461603666, 1),
(468, 10208043353555039, 'sumix_4@hotmail.co.uk', 1461604549, 1),
(469, 10201861603177078, 'a.winfield@warwick.ac.uk', 1461604677, 1),
(470, 10209203866799001, 'a.bjornson@warwick.ac.uk', 1461605170, 1),
(471, 1288154567864889, 'jonnymcnabb96@gmail.com', 1461610827, 1),
(472, 1090593444332432, 'ljhoyle@hotmail.co.uk', 1461611548, 1),
(473, 1118210321555892, 'jeah_hale@live.co.uk', 1461613299, 1),
(474, 1100860713270504, 'chloerose41@hotmail.co.uk', 1461665447, 1),
(475, 10206408476673100, 'jamesannis@hotmail.co.uk', 1461705948, 1),
(476, 1023654464395531, 'samfatts@gmail.com', 1461640051, 1),
(477, 10201819545485770, 'ravygravy123@btinternet.com', 1461662281, 1),
(478, 10207539918950957, 'ant.hashemi@hotmail.com', 1461837264, 1),
(479, 995270867192871, 'imogen.sackey@hotmail.com', 1461665052, 1),
(480, 10209442187194719, 'ben.nestel@hotmail.co.uk', 1461665341, 1),
(481, 10208865506452369, 'craigdlord@hotmail.co.uk', 1461667328, 1),
(482, 1127248707295290, 'fergusmurray@rocketmail.com', 1461667549, 1),
(483, 10209133212477231, 'springxcolors@hotmail.fr', 1461671394, 1),
(484, 10209611230666839, 'jamie.a.w@hotmail.co.uk', 1461673691, 1),
(485, 10156818482240384, 'mattdwilliams1994@gmail.com', 1461676709, 1),
(486, 1278057545555040, 'aisha_z1235@hotmail.com', 1461677056, 1),
(487, 1127373497305265, 'lucy.almighty@hotmail.co.uk', 1461680495, 1),
(488, 1380701028623576, 'adiebubz@live.co.uk', 1461771508, 1),
(489, 10208293399646257, 'i.bartholomew@hotmail.co.uk', 1461937271, 1),
(490, 1724957027766695, 'karenbasra@hotmail.co.uk', 1461692349, 1),
(491, 994903960600002, 'hassanelgaddal@gmail.com', 1461695769, 1),
(492, 10206177638069528, 'parkd002@suttonlea.org', 1461695882, 1),
(493, 10153506600381080, 'camerongarrett36@hotmail.co.uk', 1461762271, 1),
(494, 10207410689164116, 'jessi.tomlinson@gmail.com', 1461701163, 1),
(495, 1605017216481955, 'katiea3326@gmail.com', 1461701794, 1),
(496, 1021235667968153, 'mccaffrey765@btinternet.com', 1461701828, 1),
(497, 10153728792064773, 'nickharris07@hotmail.com', 1461756992, 1),
(498, 10206034446410755, 'alexhorton6277@gmail.com', 1461761762, 1),
(499, 10208569065719169, 'rantionette123@gmail.com', 1461769366, 1),
(500, 10204543411864401, 'pdmj@hotmail.co.uk', 1461769675, 1),
(501, 10208842811850034, 'arflaherty@hotmail.co.uk', 1461788290, 1),
(502, 10153618318772759, 'trishaizanangel@hotmail.com', 1461795807, 1),
(503, 993836967332651, 'chloelilyegan@ymail.com', 1461810848, 1),
(504, 233261137032969, 'jnlewedum@gmail.com', 1461836348, 1),
(505, 762102350555962, 'sophieforeman@btinternet.com', 1461836552, 1),
(506, 1184171128283639, 'strictly_spurs_only_@hotmail.co.uk', 1461838291, 1),
(507, 1165046226881563, 'anna.j.bruce@talktalk.net', 1461842120, 1),
(508, 10208498909205615, 'alivader96@hotmail.com', 1461839337, 1),
(509, 10209892112762082, 'patriciaviegas@outlook.com', 1461839633, 1),
(510, 10206430553702963, 'megastarmeg@hotmail.com', 1461839800, 1),
(511, 10154162989264553, 'tinalucci@hotmail.com', 1461839948, 1),
(512, 903348936477063, 'nostawegnaro@hotmail.co.uk', 1461841438, 1),
(513, 10153382953850216, 'sofia_benincasa@hotmail.co.uk', 1461842850, 1),
(514, 10206072833007803, 'neilsaut@yahoo.com', 1461844158, 1),
(515, 1095681720489165, 'seema@seema.eu', 1461864088, 1),
(516, 1039946552707115, 'reubencrockett@hotmail.com', 1461926449, 1),
(517, 1330405120309810, 'chrisjweaver@outlook.com', 1461854640, 1),
(518, 10153610252177151, 'chrisadedigba@hotmail.co.uk', 1461861538, 1),
(519, 10208203034887172, 'i.borrego.mv@hotmail.com', 1461864312, 1),
(520, 10206738997218935, 'jeg070996@hotmail.com', 1461867398, 1),
(521, 1217771078233502, 'clogz02@hotmail.co.uk', 1461875280, 1),
(522, 10202097755841208, 'pawangeet.bath@yahoo.co.uk', 1461877574, 1),
(523, 1076524992404683, 'greg@hunterswood.co.uk', 1461885818, 1),
(524, 1284476244900200, 'jonathan.p.cook@hotmail.com', 1461895902, 1),
(525, 1440741175951495, 'pihappy@wanadoo.fr', 1461920765, 1),
(526, 10209398378336834, 'tinysnips@hotmail.co.uk', 1461938985, 1),
(527, 10205972122730908, 'tiggy145@hotmail.co.uk', 1461922469, 1),
(528, 968289006619828, 'robinbosetta@gmail.com', 1461926055, 1),
(529, 551969688318712, 'isabella.gazi@yahoo.co.uk', 1461927180, 1),
(530, 10209226211238653, 'stanley_hill@hotmail.com', 1461928203, 1),
(531, 996605510394331, 'cameronbiggs@yahoo.co.uk', 1461934039, 1),
(532, 1176351282375646, 'harrystallard@btinternet.com', 1461937454, 1),
(533, 10154144729289764, 'muhammad_awad@hotmail.co.uk', 1461939720, 1),
(534, 10209874717891134, 'pop-o-13@hotmail.fr', 1461945776, 1),
(535, 10206078060501531, 'yinglai5@gmail.com', 1461948362, 1),
(536, 10206288877761451, 'rhiannaladwa@gmail.com', 1461948382, 1),
(537, 1190427847642594, 'cati-ferrarista@hotmail.com', 1461950142, 1),
(538, 1169230766420456, 'sofija.armoskaite@gmail.com', 1461953934, 1),
(539, 10201927307621979, 'yaak13@hotmail.de', 1462397417, 1),
(540, 10209494015256363, 'rebecca.lavino@hotmail.fr', 1464363994, 1),
(541, 10153694206014912, NULL, 1462537473, 0),
(542, 1107717605936777, NULL, 1462560277, 0),
(543, 10204821309331888, 'k.nehme@warwick.ac.uk', 1462879008, 1),
(544, 1082088138525876, NULL, 1464957809, 0),
(545, 1036879563059848, 'patelisha@hotmail.co.uk', 1465079225, 1),
(546, 1223697970976599, 'emmacbailey@btinternet.com', 1465147129, 1),
(547, 10154405776454728, 'huniachawla@hotmail.com', 1465162804, 1),
(548, 1009955735730523, 'raeanne_meade@outlook.com', 1465211228, 1),
(549, 1291281064219447, NULL, 1465234226, 0);

--
-- Indexes for dumped tables
--

--
-- Indexes for table `bookings`
--
ALTER TABLE `bookings`
  ADD PRIMARY KEY (`id`),
  ADD UNIQUE KEY `id` (`id`);

--
-- Indexes for table `events`
--
ALTER TABLE `events`
  ADD PRIMARY KEY (`id`),
  ADD UNIQUE KEY `id` (`id`);

--
-- Indexes for table `hosts`
--
ALTER TABLE `hosts`
  ADD PRIMARY KEY (`id`),
  ADD UNIQUE KEY `id` (`id`);

--
-- Indexes for table `resell`
--
ALTER TABLE `resell`
  ADD PRIMARY KEY (`id`),
  ADD UNIQUE KEY `id` (`id`);

--
-- Indexes for table `users`
--
ALTER TABLE `users`
  ADD PRIMARY KEY (`id`),
  ADD UNIQUE KEY `fb_id` (`fb_id`),
  ADD UNIQUE KEY `email` (`email`);

--
-- AUTO_INCREMENT for dumped tables
--

--
-- AUTO_INCREMENT for table `bookings`
--
ALTER TABLE `bookings`
  MODIFY `id` int(11) UNSIGNED NOT NULL AUTO_INCREMENT, AUTO_INCREMENT=531;
--
-- AUTO_INCREMENT for table `events`
--
ALTER TABLE `events`
  MODIFY `id` int(11) UNSIGNED NOT NULL AUTO_INCREMENT, AUTO_INCREMENT=48;
--
-- AUTO_INCREMENT for table `hosts`
--
ALTER TABLE `hosts`
  MODIFY `id` int(11) NOT NULL AUTO_INCREMENT, AUTO_INCREMENT=5;
--
-- AUTO_INCREMENT for table `resell`
--
ALTER TABLE `resell`
  MODIFY `id` int(11) UNSIGNED NOT NULL AUTO_INCREMENT, AUTO_INCREMENT=12;
--
-- AUTO_INCREMENT for table `users`
--
ALTER TABLE `users`
  MODIFY `id` int(11) UNSIGNED NOT NULL AUTO_INCREMENT, AUTO_INCREMENT=550;
/*!40101 SET CHARACTER_SET_CLIENT=@OLD_CHARACTER_SET_CLIENT */;
/*!40101 SET CHARACTER_SET_RESULTS=@OLD_CHARACTER_SET_RESULTS */;
/*!40101 SET COLLATION_CONNECTION=@OLD_COLLATION_CONNECTION */;
